seqwait
delay=100000
000000000000000000000000
L2
000000000000000000000000
L3
000000000000000000000000
L4
000000000000000000000000
L5
000000000000000000000000
L6
000000000000000000000000
L7
000000000000000000000000
L8
000000000000000000000000
L9
000000000000000000000000
L10
000000000000000000000000
L11
000000000000000000000000
L12
000000000000000000000000
L13
000000000000000000000000
L14
000000000000000000000000
L15
000000000000000000000000
L16
000000000000000000000000
L17
000000000000000000000000
L18
000000000000000000000000
L19
000000000000000000000000
L20
000000000000000000000000
L21
000000000000000000000000
L22
000000000000000000000000
L23
000000000000000000000000
L24
000000000000000000000000
L25
000000000000000000000000
L26
000000000000000000000000
L27
000000000000000000000000
L28
000000000000000000000000
L29
000000000000000000000000
L30
000000000000000000000000
L31
000000000000000000000000
L32
000000000000000000000000
seq
000000000000000010000000
0000000000000000
0000000000000000
0000000000000000
0000000000000000
0000000000000000
0000000000000000
0000000000000000
0000000000000000
0000000000000000
0000000000000000
0000000000000000
0000000000000000
0000000000000000
0000000000000000
0000000000000000
L2
000000000000000010000000
0000000000000000
0000000000000000
0000000000000000
0000000000000000
0000000000000000
0000000000000000
0000000000000000
0000000000000000
0000000000000000
0000000000000000
0000000000000000
0000000000000000
0000000000000000
0000000000000000
0000000000000000
L3
000000000000000010000000
0000000000000000
0000000000000000
0000000000000000
0000000000000000
0000000000000000
0000000000000000
0000000000000000
0000000000000000
0000000000000000
0000000000000000
0000000000000000
0000000000000000
0000000000000000
0000000000000000
0000000000000000
L4
000000000000000010000000
0000000000000000
0000000000000000
0000000000000000
0000000000000000
0000000000000000
0000000000000000
0000000000000000
0000000000000000
0000000000000000
0000000000000000
0000000000000000
0000000000000000
0000000000000000
0000000000000000
0000000000000000
L5
000000000000000010000000
0000000000000000
0000000000000000
0000000000000000
0000000000000000
0000000000000000
0000000000000000
0000000000000000
0000000000000000
0000000000000000
0000000000000000
0000000000000000
0000000000000000
0000000000000000
0000000000000000
0000000000000000
L6
000000000000000010000000
0000000000000000
0000000000000000
0000000000000000
0000000000000000
0000000000000000
0000000000000000
0000000000000000
0000000000000000
0000000000000000
0000000000000000
0000000000000000
0000000000000000
0000000000000000
0000000000000000
0000000000000000
L7
000000000000000010000000
0000000000000000
0000000000000000
0000000000000000
0000000000000000
0000000000000000
0000000000000000
0000000000000000
0000000000000000
0000000000000000
0000000000000000
0000000000000000
0000000000000000
0000000000000000
0000000000000000
0000000000000000
L8
000000000000000010000000
0000000000000000
0000000000000000
0000000000000000
0000000000000000
0000000000000000
0000000000000000
0000000000000000
0000000000000000
0000000000000000
0000000000000000
0000000000000000
0000000000000000
0000000000000000
0000000000000000
0000000000000000
L9
000000000000000010000000
0000000000000000
0000000000000000
0000000000000000
0000000000000000
0000000000000000
0000000000000000
0000000000000000
0000000000000000
0000000000000000
0000000000000000
0000000000000000
0000000000000000
0000000000000000
0000000000000000
0000000000000000
seq
000000000000000011000000
0000000000000000
0000000000000000
0000000000000000
0000000000000000
0000000000000000
0000000000000000
0000000000000000
0000000000000000
0000000000000000
0000000000000000
0000000000000000
0000000000000000
0000000000000000
0000000000000000
0000000000000000
L2
000000000000000011000000
0000000000000000
0000000000000000
0000000000000000
0000000000000000
0000000000000000
0000000000000000
0000000000000000
0000000000000000
0000000000000000
0000000000000000
0000000000000000
0000000000000000
0000000000000000
0000000000000000
0000000000000000
L3
000000000000000011000000
0000000000000000
0000000000000000
0000000000000000
0000000000000000
0000000000000000
0000000000000000
0000000000000000
0000000000000000
0000000000000000
0000000000000000
0000000000000000
0000000000000000
0000000000000000
0000000000000000
0000000000000000
L4
000000000000000011000000
0000000000000000
0000000000000000
0000000000000000
0000000000000000
0000000000000000
0000000000000000
0000000000000000
0000000000000000
0000000000000000
0000000000000000
0000000000000000
0000000000000000
0000000000000000
0000000000000000
0000000000000000
L5
000000000000000011000000
0000000000000000
0000000000000000
0000000000000000
0000000000000000
0000000000000000
0000000000000000
0000000000000000
0000000000000000
0000000000000000
0000000000000000
0000000000000000
0000000000000000
0000000000000000
0000000000000000
0000000000000000
L6
000000000000000011000000
0000000000000000
0000000000000000
0000000000000000
0000000000000000
0000000000000000
0000000000000000
0000000000000000
0000000000000000
0000000000000000
0000000000000000
0000000000000000
0000000000000000
0000000000000000
0000000000000000
0000000000000000
L7
000000000000000011000000
0000000000000000
0000000000000000
0000000000000000
0000000000000000
0000000000000000
0000000000000000
0000000000000000
0000000000000000
0000000000000000
0000000000000000
0000000000000000
0000000000000000
0000000000000000
0000000000000000
0000000000000000
L8
000000000000000011000000
0000000000000000
0000000000000000
0000000000000000
0000000000000000
0000000000000000
0000000000000000
0000000000000000
0000000000000000
0000000000000000
0000000000000000
0000000000000000
0000000000000000
0000000000000000
0000000000000000
0000000000000000
L9
000000000000000011000000
0000000000000000
0000000000000000
0000000000000000
0000000000000000
0000000000000000
0000000000000000
0000000000000000
0000000000000000
0000000000000000
0000000000000000
0000000000000000
0000000000000000
0000000000000000
0000000000000000
0000000000000000
seq0
000000000000000011100000
0000000000000000
0000000000000000
0000000000000000
0000000000000000
0000000000000000
0000000000000000
0000000000000000
0000000000000000
0000000000000000
0000000000000000
0000000000000000
0000000000000000
0000000000000000
0000000000000000
0000000000000000
L2
000000000000000011100000
0000000000000000
0000000000000000
0000000000000000
0000000000000000
0000000000000000
0000000000000000
0000000000000000
0000000000000000
0000000000000000
0000000000000000
0000000000000000
0000000000000000
0000000000000000
0000000000000000
0000000000000000
L3
000000000000000011100000
0000000000000000
0000000000000000
0000000000000000
0000000000000000
0000000000000000
0000000000000000
0000000000000000
0000000000000000
0000000000000000
0000000000000000
0000000000000000
0000000000000000
0000000000000000
0000000000000000
0000000000000000
L4
000000000000000011100000
0000000000000000
0000000000000000
0000000000000000
0000000000000000
0000000000000000
0000000000000000
0000000000000000
0000000000000000
0000000000000000
0000000000000000
0000000000000000
0000000000000000
0000000000000000
0000000000000000
0000000000000000
L5
000000000000000011100000
0000000000000000
0000000000000000
0000000000000000
0000000000000000
0000000000000000
0000000000000000
0000000000000000
0000000000000000
0000000000000000
0000000000000000
0000000000000000
0000000000000000
0000000000000000
0000000000000000
0000000000000000
L6
000000000000000011100000
0000000000000000
0000000000000000
0000000000000000
0000000000000000
0000000000000000
0000000000000000
0000000000000000
0000000000000000
0000000000000000
0000000000000000
0000000000000000
0000000000000000
0000000000000000
0000000000000000
0000000000000000
L7
000000000000000011100000
0000000000000000
0000000000000000
0000000000000000
0000000000000000
0000000000000000
0000000000000000
0000000000000000
0000000000000000
0000000000000000
0000000000000000
0000000000000000
0000000000000000
0000000000000000
0000000000000000
0000000000000000
L8
000000000000000011100000
0000000000000000
0000000000000000
0000000000000000
0000000000000000
0000000000000000
0000000000000000
0000000000000000
0000000000000000
0000000000000000
0000000000000000
0000000000000000
0000000000000000
0000000000000000
0000000000000000
0000000000000000
L9
000000000000000011100000
0000000000000000
0000000000000000
0000000000000000
0000000000000000
0000000000000000
0000000000000000
0000000000000000
0000000000000000
0000000000000000
0000000000000000
0000000000000000
0000000000000000
0000000000000000
0000000000000000
0000000000000000
seq
000000000000000011110000
0000000000000000
0000000000000000
0000000000000000
0000000000000000
0000000000000000
0000000000000000
0000000000000000
0000000000000000
0000000000000000
0000000000000000
0000000000000000
0000000000000000
0000000000000000
0000000000000000
0000000000000000
L2
000000000000000011110000
0000000000000000
0000000000000000
0000000000000000
0000000000000000
0000000000000000
0000000000000000
0000000000000000
0000000000000000
0000000000000000
0000000000000000
0000000000000000
0000000000000000
0000000000000000
0000000000000000
0000000000000000
L3
000000000000000011110000
0000000000000000
0000000000000000
0000000000000000
0000000000000000
0000000000000000
0000000000000000
0000000000000000
0000000000000000
0000000000000000
0000000000000000
0000000000000000
0000000000000000
0000000000000000
0000000000000000
0000000000000000
L4
000000000000000011110000
0000000000000000
0000000000000000
0000000000000000
0000000000000000
0000000000000000
0000000000000000
0000000000000000
0000000000000000
0000000000000000
0000000000000000
0000000000000000
0000000000000000
0000000000000000
0000000000000000
0000000000000000
L5
000000000000000011110000
0000000000000000
0000000000000000
0000000000000000
0000000000000000
0000000000000000
0000000000000000
0000000000000000
0000000000000000
0000000000000000
0000000000000000
0000000000000000
0000000000000000
0000000000000000
0000000000000000
0000000000000000
L6
000000000000000011110000
0000000000000000
0000000000000000
0000000000000000
0000000000000000
0000000000000000
0000000000000000
0000000000000000
0000000000000000
0000000000000000
0000000000000000
0000000000000000
0000000000000000
0000000000000000
0000000000000000
0000000000000000
L7
000000000000000011110000
0000000000000000
0000000000000000
0000000000000000
0000000000000000
0000000000000000
0000000000000000
0000000000000000
0000000000000000
0000000000000000
0000000000000000
0000000000000000
0000000000000000
0000000000000000
0000000000000000
0000000000000000
L8
000000000000000011110000
0000000000000000
0000000000000000
0000000000000000
0000000000000000
0000000000000000
0000000000000000
0000000000000000
0000000000000000
0000000000000000
0000000000000000
0000000000000000
0000000000000000
0000000000000000
0000000000000000
0000000000000000
L9
000000000000000011110000
0000000000000000
0000000000000000
0000000000000000
0000000000000000
0000000000000000
0000000000000000
0000000000000000
0000000000000000
0000000000000000
0000000000000000
0000000000000000
0000000000000000
0000000000000000
0000000000000000
0000000000000000
seq
000000000000000011111000
0000000000000000
0000000000000000
0000000000000000
0000000000000000
0000000000000000
0000000000000000
0000000000000000
0000000000000000
0000000000000000
0000000000000000
0000000000000000
0000000000000000
0000000000000000
0000000000000000
0000000000000000
L2
000000000000000011111000
0000000000000000
0000000000000000
0000000000000000
0000000000000000
0000000000000000
0000000000000000
0000000000000000
0000000000000000
0000000000000000
0000000000000000
0000000000000000
0000000000000000
0000000000000000
0000000000000000
0000000000000000
L3
000000000000000011111000
0000000000000000
0000000000000000
0000000000000000
0000000000000000
0000000000000000
0000000000000000
0000000000000000
0000000000000000
0000000000000000
0000000000000000
0000000000000000
0000000000000000
0000000000000000
0000000000000000
0000000000000000
L4
000000000000000011111000
0000000000000000
0000000000000000
0000000000000000
0000000000000000
0000000000000000
0000000000000000
0000000000000000
0000000000000000
0000000000000000
0000000000000000
0000000000000000
0000000000000000
0000000000000000
0000000000000000
0000000000000000
L5
000000000000000011111000
0000000000000000
0000000000000000
0000000000000000
0000000000000000
0000000000000000
0000000000000000
0000000000000000
0000000000000000
0000000000000000
0000000000000000
0000000000000000
0000000000000000
0000000000000000
0000000000000000
0000000000000000
L6
000000000000000011111000
0000000000000000
0000000000000000
0000000000000000
0000000000000000
0000000000000000
0000000000000000
0000000000000000
0000000000000000
0000000000000000
0000000000000000
0000000000000000
0000000000000000
0000000000000000
0000000000000000
0000000000000000
L7
000000000000000011111000
0000000000000000
0000000000000000
0000000000000000
0000000000000000
0000000000000000
0000000000000000
0000000000000000
0000000000000000
0000000000000000
0000000000000000
0000000000000000
0000000000000000
0000000000000000
0000000000000000
0000000000000000
L8
000000000000000011111000
0000000000000000
0000000000000000
0000000000000000
0000000000000000
0000000000000000
0000000000000000
0000000000000000
0000000000000000
0000000000000000
0000000000000000
0000000000000000
0000000000000000
0000000000000000
0000000000000000
0000000000000000
L9
000000000000000011111000
0000000000000000
0000000000000000
0000000000000000
0000000000000000
0000000000000000
0000000000000000
0000000000000000
0000000000000000
0000000000000000
0000000000000000
0000000000000000
0000000000000000
0000000000000000
0000000000000000
0000000000000000
seq
000000000000000011111100
0000000000000000
0000000000000000
0000000000000000
0000000000000000
0000000000000000
0000000000000000
0000000000000000
0000000000000000
0000000000000000
0000000000000000
0000000000000000
0000000000000000
0000000000000000
0000000000000000
0000000000000000
L2
000000000000000011111100
0000000000000000
0000000000000000
0000000000000000
0000000000000000
0000000000000000
0000000000000000
0000000000000000
0000000000000000
0000000000000000
0000000000000000
0000000000000000
0000000000000000
0000000000000000
0000000000000000
0000000000000000
L3
000000000000000011111100
0000000000000000
0000000000000000
0000000000000000
0000000000000000
0000000000000000
0000000000000000
0000000000000000
0000000000000000
0000000000000000
0000000000000000
0000000000000000
0000000000000000
0000000000000000
0000000000000000
0000000000000000
L4
000000000000000011111100
0000000000000000
0000000000000000
0000000000000000
0000000000000000
0000000000000000
0000000000000000
0000000000000000
0000000000000000
0000000000000000
0000000000000000
0000000000000000
0000000000000000
0000000000000000
0000000000000000
0000000000000000
L5
000000000000000011111100
0000000000000000
0000000000000000
0000000000000000
0000000000000000
0000000000000000
0000000000000000
0000000000000000
0000000000000000
0000000000000000
0000000000000000
0000000000000000
0000000000000000
0000000000000000
0000000000000000
0000000000000000
L6
000000000000000011111100
0000000000000000
0000000000000000
0000000000000000
0000000000000000
0000000000000000
0000000000000000
0000000000000000
0000000000000000
0000000000000000
0000000000000000
0000000000000000
0000000000000000
0000000000000000
0000000000000000
0000000000000000
L7
000000000000000011111100
0000000000000000
0000000000000000
0000000000000000
0000000000000000
0000000000000000
0000000000000000
0000000000000000
0000000000000000
0000000000000000
0000000000000000
0000000000000000
0000000000000000
0000000000000000
0000000000000000
0000000000000000
L8
000000000000000011111100
0000000000000000
0000000000000000
0000000000000000
0000000000000000
0000000000000000
0000000000000000
0000000000000000
0000000000000000
0000000000000000
0000000000000000
0000000000000000
0000000000000000
0000000000000000
0000000000000000
0000000000000000
L9
000000000000000011111100
0000000000000000
0000000000000000
0000000000000000
0000000000000000
0000000000000000
0000000000000000
0000000000000000
0000000000000000
0000000000000000
0000000000000000
0000000000000000
0000000000000000
0000000000000000
0000000000000000
0000000000000000
seq
000000000000000011111110
0000000000000000
0000000000000000
0000000000000000
0000000000000000
0000000000000000
0000000000000000
0000000000000000
0000000000000000
0000000000000000
0000000000000000
0000000000000000
0000000000000000
0000000000000000
0000000000000000
0000000000000000
L2
000000000000000011111110
0000000000000000
0000000000000000
0000000000000000
0000000000000000
0000000000000000
0000000000000000
0000000000000000
0000000000000000
0000000000000000
0000000000000000
0000000000000000
0000000000000000
0000000000000000
0000000000000000
0000000000000000
L3
000000000000000011111110
0000000000000000
0000000000000000
0000000000000000
0000000000000000
0000000000000000
0000000000000000
0000000000000000
0000000000000000
0000000000000000
0000000000000000
0000000000000000
0000000000000000
0000000000000000
0000000000000000
0000000000000000
L4
000000000000000011111110
0000000000000000
0000000000000000
0000000000000000
0000000000000000
0000000000000000
0000000000000000
0000000000000000
0000000000000000
0000000000000000
0000000000000000
0000000000000000
0000000000000000
0000000000000000
0000000000000000
0000000000000000
L5
000000000000000011111110
0000000000000000
0000000000000000
0000000000000000
0000000000000000
0000000000000000
0000000000000000
0000000000000000
0000000000000000
0000000000000000
0000000000000000
0000000000000000
0000000000000000
0000000000000000
0000000000000000
0000000000000000
L6
000000000000000011111110
0000000000000000
0000000000000000
0000000000000000
0000000000000000
0000000000000000
0000000000000000
0000000000000000
0000000000000000
0000000000000000
0000000000000000
0000000000000000
0000000000000000
0000000000000000
0000000000000000
0000000000000000
L7
000000000000000011111110
0000000000000000
0000000000000000
0000000000000000
0000000000000000
0000000000000000
0000000000000000
0000000000000000
0000000000000000
0000000000000000
0000000000000000
0000000000000000
0000000000000000
0000000000000000
0000000000000000
0000000000000000
L8
000000000000000011111110
0000000000000000
0000000000000000
0000000000000000
0000000000000000
0000000000000000
0000000000000000
0000000000000000
0000000000000000
0000000000000000
0000000000000000
0000000000000000
0000000000000000
0000000000000000
0000000000000000
0000000000000000
L9
000000000000000011111110
0000000000000000
0000000000000000
0000000000000000
0000000000000000
0000000000000000
0000000000000000
0000000000000000
0000000000000000
0000000000000000
0000000000000000
0000000000000000
0000000000000000
0000000000000000
0000000000000000
0000000000000000
seq
000000000000000011111111
0000000000000000
0000000000000000
0000000000000000
0000000000000000
0000000000000000
0000000000000000
0000000000000000
0000000000000000
0000000000000000
0000000000000000
0000000000000000
0000000000000000
0000000000000000
0000000000000000
0000000000000000
L2
000000000000000011111111
0000000000000000
0000000000000000
0000000000000000
0000000000000000
0000000000000000
0000000000000000
0000000000000000
0000000000000000
0000000000000000
0000000000000000
0000000000000000
0000000000000000
0000000000000000
0000000000000000
0000000000000000
L3
000000000000000011111111
0000000000000000
0000000000000000
0000000000000000
0000000000000000
0000000000000000
0000000000000000
0000000000000000
0000000000000000
0000000000000000
0000000000000000
0000000000000000
0000000000000000
0000000000000000
0000000000000000
0000000000000000
L4
000000000000000011111111
0000000000000000
0000000000000000
0000000000000000
0000000000000000
0000000000000000
0000000000000000
0000000000000000
0000000000000000
0000000000000000
0000000000000000
0000000000000000
0000000000000000
0000000000000000
0000000000000000
0000000000000000
L5
000000000000000011111111
0000000000000000
0000000000000000
0000000000000000
0000000000000000
0000000000000000
0000000000000000
0000000000000000
0000000000000000
0000000000000000
0000000000000000
0000000000000000
0000000000000000
0000000000000000
0000000000000000
0000000000000000
L6
000000000000000011111111
0000000000000000
0000000000000000
0000000000000000
0000000000000000
0000000000000000
0000000000000000
0000000000000000
0000000000000000
0000000000000000
0000000000000000
0000000000000000
0000000000000000
0000000000000000
0000000000000000
0000000000000000
L7
000000000000000011111111
0000000000000000
0000000000000000
0000000000000000
0000000000000000
0000000000000000
0000000000000000
0000000000000000
0000000000000000
0000000000000000
0000000000000000
0000000000000000
0000000000000000
0000000000000000
0000000000000000
0000000000000000
L8
000000000000000011111111
0000000000000000
0000000000000000
0000000000000000
0000000000000000
0000000000000000
0000000000000000
0000000000000000
0000000000000000
0000000000000000
0000000000000000
0000000000000000
0000000000000000
0000000000000000
0000000000000000
0000000000000000
L9
000000000000000011111111
0000000000000000
0000000000000000
0000000000000000
0000000000000000
0000000000000000
0000000000000000
0000000000000000
0000000000000000
0000000000000000
0000000000000000
0000000000000000
0000000000000000
0000000000000000
0000000000000000
0000000000000000
seqbluespulsing
000000000000000012345678
000000000000000081234567
000000000000000078123456
000000000000000067812345
000000000000000056781234
000000000000000045678123
000000000000000034567812
000000000000000023456781
000000000000000012345678
000000000000000023456781
000000000000000034567812
000000000000000045678123
000000000000000056781234
000000000000000067812345
000000000000000078123456
000000000000000081234567
L2
000000000000000012345678
000000000000000081234567
000000000000000078123456
000000000000000067812345
000000000000000056781234
000000000000000045678123
000000000000000034567812
000000000000000023456781
000000000000000012345678
000000000000000023456781
000000000000000034567812
000000000000000045678123
000000000000000056781234
000000000000000067812345
000000000000000078123456
000000000000000081234567
L3
000000000000000012345678
000000000000000081234567
000000000000000078123456
000000000000000067812345
000000000000000056781234
000000000000000045678123
000000000000000034567812
000000000000000023456781
000000000000000012345678
000000000000000023456781
000000000000000034567812
000000000000000045678123
000000000000000056781234
000000000000000067812345
000000000000000078123456
000000000000000081234567
L4
000000000000000012345678
000000000000000081234567
000000000000000078123456
000000000000000067812345
000000000000000056781234
000000000000000045678123
000000000000000034567812
000000000000000023456781
000000000000000012345678
000000000000000023456781
000000000000000034567812
000000000000000045678123
000000000000000056781234
000000000000000067812345
000000000000000078123456
000000000000000081234567
L5
000000000000000012345678
000000000000000081234567
000000000000000078123456
000000000000000067812345
000000000000000056781234
000000000000000045678123
000000000000000034567812
000000000000000023456781
000000000000000012345678
000000000000000023456781
000000000000000034567812
000000000000000045678123
000000000000000056781234
000000000000000067812345
000000000000000078123456
000000000000000081234567
L6
000000000000000012345678
000000000000000081234567
000000000000000078123456
000000000000000067812345
000000000000000056781234
000000000000000045678123
000000000000000034567812
000000000000000023456781
000000000000000012345678
000000000000000023456781
000000000000000034567812
000000000000000045678123
000000000000000056781234
000000000000000067812345
000000000000000078123456
000000000000000081234567
L7
000000000000000012345678
000000000000000081234567
000000000000000078123456
000000000000000067812345
000000000000000056781234
000000000000000045678123
000000000000000034567812
000000000000000023456781
000000000000000012345678
000000000000000023456781
000000000000000034567812
000000000000000045678123
000000000000000056781234
000000000000000067812345
000000000000000078123456
000000000000000081234567
L8
000000000000000012345678
000000000000000081234567
000000000000000078123456
000000000000000067812345
000000000000000056781234
000000000000000045678123
000000000000000034567812
000000000000000023456781
000000000000000012345678
000000000000000023456781
000000000000000034567812
000000000000000045678123
000000000000000056781234
000000000000000067812345
000000000000000078123456
000000000000000081234567
L9
000000000000000012345678
000000000000000081234567
000000000000000078123456
000000000000000067812345
000000000000000056781234
000000000000000045678123
000000000000000034567812
000000000000000023456781
000000000000000012345678
000000000000000023456781
000000000000000034567812
000000000000000045678123
000000000000000056781234
000000000000000067812345
000000000000000078123456
000000000000000081234567
L10
000000000000000012345678
000000000000000081234567
000000000000000078123456
000000000000000067812345
000000000000000056781234
000000000000000045678123
000000000000000034567812
000000000000000023456781
000000000000000012345678
000000000000000023456781
000000000000000034567812
000000000000000045678123
000000000000000056781234
000000000000000067812345
000000000000000078123456
000000000000000081234567
L11
000000000000000012345678
000000000000000081234567
000000000000000078123456
000000000000000067812345
000000000000000056781234
000000000000000045678123
000000000000000034567812
000000000000000023456781
000000000000000012345678
000000000000000023456781
000000000000000034567812
000000000000000045678123
000000000000000056781234
000000000000000067812345
000000000000000078123456
000000000000000081234567
L12
000000000000000012345678
000000000000000081234567
000000000000000078123456
000000000000000067812345
000000000000000056781234
000000000000000045678123
000000000000000034567812
000000000000000023456781
000000000000000012345678
000000000000000023456781
000000000000000034567812
000000000000000045678123
000000000000000056781234
000000000000000067812345
000000000000000078123456
000000000000000081234567
L13
000000000000000012345678
000000000000000081234567
000000000000000078123456
000000000000000067812345
000000000000000056781234
000000000000000045678123
000000000000000034567812
000000000000000023456781
000000000000000012345678
000000000000000023456781
000000000000000034567812
000000000000000045678123
000000000000000056781234
000000000000000067812345
000000000000000078123456
000000000000000081234567
L14
000000000000000012345678
000000000000000081234567
000000000000000078123456
000000000000000067812345
000000000000000056781234
000000000000000045678123
000000000000000034567812
000000000000000023456781
000000000000000012345678
000000000000000023456781
000000000000000034567812
000000000000000045678123
000000000000000056781234
000000000000000067812345
000000000000000078123456
000000000000000081234567
L15
000000000000000012345678
000000000000000081234567
000000000000000078123456
000000000000000067812345
000000000000000056781234
000000000000000045678123
000000000000000034567812
000000000000000023456781
000000000000000012345678
000000000000000023456781
000000000000000034567812
000000000000000045678123
000000000000000056781234
000000000000000067812345
000000000000000078123456
000000000000000081234567
L16
000000000000000012345678
000000000000000081234567
000000000000000078123456
000000000000000067812345
000000000000000056781234
000000000000000045678123
000000000000000034567812
000000000000000023456781
000000000000000012345678
000000000000000023456781
000000000000000034567812
000000000000000045678123
000000000000000056781234
000000000000000067812345
000000000000000078123456
000000000000000081234567
L17
000000000000000012345678
000000000000000081234567
000000000000000078123456
000000000000000067812345
000000000000000056781234
000000000000000045678123
000000000000000034567812
000000000000000023456781
000000000000000012345678
000000000000000023456781
000000000000000034567812
000000000000000045678123
000000000000000056781234
000000000000000067812345
000000000000000078123456
000000000000000081234567
L18
000000000000000012345678
000000000000000081234567
000000000000000078123456
000000000000000067812345
000000000000000056781234
000000000000000045678123
000000000000000034567812
000000000000000023456781
000000000000000012345678
000000000000000023456781
000000000000000034567812
000000000000000045678123
000000000000000056781234
000000000000000067812345
000000000000000078123456
000000000000000081234567
L19
000000000000000012345678
000000000000000081234567
000000000000000078123456
000000000000000067812345
000000000000000056781234
000000000000000045678123
000000000000000034567812
000000000000000023456781
000000000000000012345678
000000000000000023456781
000000000000000034567812
000000000000000045678123
000000000000000056781234
000000000000000067812345
000000000000000078123456
000000000000000081234567
L20
000000000000000012345678
000000000000000081234567
000000000000000078123456
000000000000000067812345
000000000000000056781234
000000000000000045678123
000000000000000034567812
000000000000000023456781
000000000000000012345678
000000000000000023456781
000000000000000034567812
000000000000000045678123
000000000000000056781234
000000000000000067812345
000000000000000078123456
000000000000000081234567
L21
000000000000000012345678
000000000000000081234567
000000000000000078123456
000000000000000067812345
000000000000000056781234
000000000000000045678123
000000000000000034567812
000000000000000023456781
000000000000000012345678
000000000000000023456781
000000000000000034567812
000000000000000045678123
000000000000000056781234
000000000000000067812345
000000000000000078123456
000000000000000081234567
L22
000000000000000012345678
000000000000000081234567
000000000000000078123456
000000000000000067812345
000000000000000056781234
000000000000000045678123
000000000000000034567812
000000000000000023456781
000000000000000012345678
000000000000000023456781
000000000000000034567812
000000000000000045678123
000000000000000056781234
000000000000000067812345
000000000000000078123456
000000000000000081234567
L23
000000000000000012345678
000000000000000081234567
000000000000000078123456
000000000000000067812345
000000000000000056781234
000000000000000045678123
000000000000000034567812
000000000000000023456781
000000000000000012345678
000000000000000023456781
000000000000000034567812
000000000000000045678123
000000000000000056781234
000000000000000067812345
000000000000000078123456
000000000000000081234567
L24
000000000000000012345678
000000000000000081234567
000000000000000078123456
000000000000000067812345
000000000000000056781234
000000000000000045678123
000000000000000034567812
000000000000000023456781
000000000000000012345678
000000000000000023456781
000000000000000034567812
000000000000000045678123
000000000000000056781234
000000000000000067812345
000000000000000078123456
000000000000000081234567
L25
000000000000000012345678
000000000000000081234567
000000000000000078123456
000000000000000067812345
000000000000000056781234
000000000000000045678123
000000000000000034567812
000000000000000023456781
000000000000000012345678
000000000000000023456781
000000000000000034567812
000000000000000045678123
000000000000000056781234
000000000000000067812345
000000000000000078123456
000000000000000081234567
L26
000000000000000012345678
000000000000000081234567
000000000000000078123456
000000000000000067812345
000000000000000056781234
000000000000000045678123
000000000000000034567812
000000000000000023456781
000000000000000012345678
000000000000000023456781
000000000000000034567812
000000000000000045678123
000000000000000056781234
000000000000000067812345
000000000000000078123456
000000000000000081234567
L27
000000000000000012345678
000000000000000081234567
000000000000000078123456
000000000000000067812345
000000000000000056781234
000000000000000045678123
000000000000000034567812
000000000000000023456781
000000000000000012345678
000000000000000023456781
000000000000000034567812
000000000000000045678123
000000000000000056781234
000000000000000067812345
000000000000000078123456
000000000000000081234567
seq
000000000000000000000000
0000000000000000
0000000000000000
0000000000000000
0000000000000000
0000000000000000
0000000000000000
0000000000000000
0000000000000000
0000000000000000
0000000000000000
0000000000000000
0000000000000000
0000000000000000
0000000000000000
0000000000000000
seqgreenscomein
000000001111111112345678
000000001111111181234567
000000001111111178123456
000000001111111167812345
000000001111111156781234
000000001111111145678123
000000001111111134567812
000000001111111123456781
000000001111111112345678
000000001111111123456781
000000001111111134567812
000000001111111145678123
000000001111111156781234
000000001111111167812345
000000001111111178123456
000000001111111181234567
L2
000000001111111112345678
000000001111111181234567
000000001111111178123456
000000001111111167812345
000000001111111156781234
000000001111111145678123
000000001111111134567812
000000001111111123456781
000000001111111112345678
000000001111111123456781
000000001111111134567812
000000001111111145678123
000000001111111156781234
000000001111111167812345
000000001111111178123456
000000001111111181234567
L3
000000001111111112345678
000000001111111181234567
000000001111111178123456
000000001111111167812345
000000001111111156781234
000000001111111145678123
000000001111111134567812
000000001111111123456781
000000001111111112345678
000000001111111123456781
000000001111111134567812
000000001111111145678123
000000001111111156781234
000000001111111167812345
000000001111111178123456
000000001111111181234567
L4
000000001111111112345678
000000001111111181234567
000000001111111178123456
000000001111111167812345
000000001111111156781234
000000001111111145678123
000000001111111134567812
000000001111111123456781
000000001111111112345678
000000001111111123456781
000000001111111134567812
000000001111111145678123
000000001111111156781234
000000001111111167812345
000000001111111178123456
000000001111111181234567
L5
000000001111111112345678
000000001111111181234567
000000001111111178123456
000000001111111167812345
000000001111111156781234
000000001111111145678123
000000001111111134567812
000000001111111123456781
000000001111111112345678
000000001111111123456781
000000001111111134567812
000000001111111145678123
000000001111111156781234
000000001111111167812345
000000001111111178123456
000000001111111181234567
L6
000000001111111112345678
000000001111111181234567
000000001111111178123456
000000001111111167812345
000000001111111156781234
000000001111111145678123
000000001111111134567812
000000001111111123456781
000000001111111112345678
000000001111111123456781
000000001111111134567812
000000001111111145678123
000000001111111156781234
000000001111111167812345
000000001111111178123456
000000001111111181234567
L7
000000001111111112345678
000000001111111181234567
000000001111111178123456
000000001111111167812345
000000001111111156781234
000000001111111145678123
000000001111111134567812
000000001111111123456781
000000001111111112345678
000000001111111123456781
000000001111111134567812
000000001111111145678123
000000001111111156781234
000000001111111167812345
000000001111111178123456
000000001111111181234567
L8
000000001111111112345678
000000001111111181234567
000000001111111178123456
000000001111111167812345
000000001111111156781234
000000001111111145678123
000000001111111134567812
000000001111111123456781
000000001111111112345678
000000001111111123456781
000000001111111134567812
000000001111111145678123
000000001111111156781234
000000001111111167812345
000000001111111178123456
000000001111111181234567
L9
000000001111111112345678
000000001111111181234567
000000001111111178123456
000000001111111167812345
000000001111111156781234
000000001111111145678123
000000001111111134567812
000000001111111123456781
000000001111111112345678
000000001111111123456781
000000001111111134567812
000000001111111145678123
000000001111111156781234
000000001111111167812345
000000001111111178123456
000000001111111181234567
seq
000000002111111112345678
000000001211111181234567
000000001121111178123456
000000001112111167812345
000000001111211156781234
000000001111121145678123
000000001111112134567812
000000001111111223456781
000000002111111112345678
000000001211111123456781
000000001121111134567812
000000001112111145678123
000000001111211156781234
000000001111121167812345
000000001111112178123456
000000001111111281234567
L2
000000002111111112345678
000000001211111181234567
000000001121111178123456
000000001112111167812345
000000001111211156781234
000000001111121145678123
000000001111112134567812
000000001111111223456781
000000002111111112345678
000000001211111123456781
000000001121111134567812
000000001112111145678123
000000001111211156781234
000000001111121167812345
000000001111112178123456
000000001111111281234567
L3
000000002111111112345678
000000001211111181234567
000000001121111178123456
000000001112111167812345
000000001111211156781234
000000001111121145678123
000000001111112134567812
000000001111111223456781
000000002111111112345678
000000001211111123456781
000000001121111134567812
000000001112111145678123
000000001111211156781234
000000001111121167812345
000000001111112178123456
000000001111111281234567
L4
000000002111111112345678
000000001211111181234567
000000001121111178123456
000000001112111167812345
000000001111211156781234
000000001111121145678123
000000001111112134567812
000000001111111223456781
000000002111111112345678
000000001211111123456781
000000001121111134567812
000000001112111145678123
000000001111211156781234
000000001111121167812345
000000001111112178123456
000000001111111281234567
L5
000000002111111112345678
000000001211111181234567
000000001121111178123456
000000001112111167812345
000000001111211156781234
000000001111121145678123
000000001111112134567812
000000001111111223456781
000000002111111112345678
000000001211111123456781
000000001121111134567812
000000001112111145678123
000000001111211156781234
000000001111121167812345
000000001111112178123456
000000001111111281234567
L6
000000002111111112345678
000000001211111181234567
000000001121111178123456
000000001112111167812345
000000001111211156781234
000000001111121145678123
000000001111112134567812
000000001111111223456781
000000002111111112345678
000000001211111123456781
000000001121111134567812
000000001112111145678123
000000001111211156781234
000000001111121167812345
000000001111112178123456
000000001111111281234567
L7
000000002111111112345678
000000001211111181234567
000000001121111178123456
000000001112111167812345
000000001111211156781234
000000001111121145678123
000000001111112134567812
000000001111111223456781
000000002111111112345678
000000001211111123456781
000000001121111134567812
000000001112111145678123
000000001111211156781234
000000001111121167812345
000000001111112178123456
000000001111111281234567
L8
000000002111111112345678
000000001211111181234567
000000001121111178123456
000000001112111167812345
000000001111211156781234
000000001111121145678123
000000001111112134567812
000000001111111223456781
000000002111111112345678
000000001211111123456781
000000001121111134567812
000000001112111145678123
000000001111211156781234
000000001111121167812345
000000001111112178123456
000000001111111281234567
L9
000000002111111112345678
000000001211111181234567
000000001121111178123456
000000001112111167812345
000000001111211156781234
000000001111121145678123
000000001111112134567812
000000001111111223456781
000000002111111112345678
000000001211111123456781
000000001121111134567812
000000001112111145678123
000000001111211156781234
000000001111121167812345
000000001111112178123456
000000001111111281234567
seq
000000002311111112345678
000000001231111181234567
000000001123111178123456
000000001112311167812345
000000001111231156781234
000000001111123145678123
000000001111112334567812
000000003111111223456781
000000002311111112345678
000000001231111123456781
000000001123111134567812
000000001112311145678123
000000001111231156781234
000000001111123167812345
000000001111112378123456
000000003111111281234567
L2
000000002311111112345678
000000001231111181234567
000000001123111178123456
000000001112311167812345
000000001111231156781234
000000001111123145678123
000000001111112334567812
000000003111111223456781
000000002311111112345678
000000001231111123456781
000000001123111134567812
000000001112311145678123
000000001111231156781234
000000001111123167812345
000000001111112378123456
000000003111111281234567
L3
000000002311111112345678
000000001231111181234567
000000001123111178123456
000000001112311167812345
000000001111231156781234
000000001111123145678123
000000001111112334567812
000000003111111223456781
000000002311111112345678
000000001231111123456781
000000001123111134567812
000000001112311145678123
000000001111231156781234
000000001111123167812345
000000001111112378123456
000000003111111281234567
L4
000000002311111112345678
000000001231111181234567
000000001123111178123456
000000001112311167812345
000000001111231156781234
000000001111123145678123
000000001111112334567812
000000003111111223456781
000000002311111112345678
000000001231111123456781
000000001123111134567812
000000001112311145678123
000000001111231156781234
000000001111123167812345
000000001111112378123456
000000003111111281234567
L5
000000002311111112345678
000000001231111181234567
000000001123111178123456
000000001112311167812345
000000001111231156781234
000000001111123145678123
000000001111112334567812
000000003111111223456781
000000002311111112345678
000000001231111123456781
000000001123111134567812
000000001112311145678123
000000001111231156781234
000000001111123167812345
000000001111112378123456
000000003111111281234567
L6
000000002311111112345678
000000001231111181234567
000000001123111178123456
000000001112311167812345
000000001111231156781234
000000001111123145678123
000000001111112334567812
000000003111111223456781
000000002311111112345678
000000001231111123456781
000000001123111134567812
000000001112311145678123
000000001111231156781234
000000001111123167812345
000000001111112378123456
000000003111111281234567
L7
000000002311111112345678
000000001231111181234567
000000001123111178123456
000000001112311167812345
000000001111231156781234
000000001111123145678123
000000001111112334567812
000000003111111223456781
000000002311111112345678
000000001231111123456781
000000001123111134567812
000000001112311145678123
000000001111231156781234
000000001111123167812345
000000001111112378123456
000000003111111281234567
L8
000000002311111112345678
000000001231111181234567
000000001123111178123456
000000001112311167812345
000000001111231156781234
000000001111123145678123
000000001111112334567812
000000003111111223456781
000000002311111112345678
000000001231111123456781
000000001123111134567812
000000001112311145678123
000000001111231156781234
000000001111123167812345
000000001111112378123456
000000003111111281234567
L9
000000002311111112345678
000000001231111181234567
000000001123111178123456
000000001112311167812345
000000001111231156781234
000000001111123145678123
000000001111112334567812
000000003111111223456781
000000002311111112345678
000000001231111123456781
000000001123111134567812
000000001112311145678123
000000001111231156781234
000000001111123167812345
000000001111112378123456
000000003111111281234567
seq
000000002341111112345678
000000001234111181234567
000000001123411178123456
000000001112341167812345
000000001111234156781234
000000001111123445678123
000000004111112334567812
000000003411111223456781
000000002341111112345678
000000001234111123456781
000000001123411134567812
000000001112341145678123
000000001111234156781234
000000001111123467812345
000000004111112378123456
000000003411111281234567
L2
000000002341111112345678
000000001234111181234567
000000001123411178123456
000000001112341167812345
000000001111234156781234
000000001111123445678123
000000004111112334567812
000000003411111223456781
000000002341111112345678
000000001234111123456781
000000001123411134567812
000000001112341145678123
000000001111234156781234
000000001111123467812345
000000004111112378123456
000000003411111281234567
L3
000000002341111112345678
000000001234111181234567
000000001123411178123456
000000001112341167812345
000000001111234156781234
000000001111123445678123
000000004111112334567812
000000003411111223456781
000000002341111112345678
000000001234111123456781
000000001123411134567812
000000001112341145678123
000000001111234156781234
000000001111123467812345
000000004111112378123456
000000003411111281234567
L4
000000002341111112345678
000000001234111181234567
000000001123411178123456
000000001112341167812345
000000001111234156781234
000000001111123445678123
000000004111112334567812
000000003411111223456781
000000002341111112345678
000000001234111123456781
000000001123411134567812
000000001112341145678123
000000001111234156781234
000000001111123467812345
000000004111112378123456
000000003411111281234567
L5
000000002341111112345678
000000001234111181234567
000000001123411178123456
000000001112341167812345
000000001111234156781234
000000001111123445678123
000000004111112334567812
000000003411111223456781
000000002341111112345678
000000001234111123456781
000000001123411134567812
000000001112341145678123
000000001111234156781234
000000001111123467812345
000000004111112378123456
000000003411111281234567
L6
000000002341111112345678
000000001234111181234567
000000001123411178123456
000000001112341167812345
000000001111234156781234
000000001111123445678123
000000004111112334567812
000000003411111223456781
000000002341111112345678
000000001234111123456781
000000001123411134567812
000000001112341145678123
000000001111234156781234
000000001111123467812345
000000004111112378123456
000000003411111281234567
L7
000000002341111112345678
000000001234111181234567
000000001123411178123456
000000001112341167812345
000000001111234156781234
000000001111123445678123
000000004111112334567812
000000003411111223456781
000000002341111112345678
000000001234111123456781
000000001123411134567812
000000001112341145678123
000000001111234156781234
000000001111123467812345
000000004111112378123456
000000003411111281234567
L8
000000002341111112345678
000000001234111181234567
000000001123411178123456
000000001112341167812345
000000001111234156781234
000000001111123445678123
000000004111112334567812
000000003411111223456781
000000002341111112345678
000000001234111123456781
000000001123411134567812
000000001112341145678123
000000001111234156781234
000000001111123467812345
000000004111112378123456
000000003411111281234567
L9
000000002341111112345678
000000001234111181234567
000000001123411178123456
000000001112341167812345
000000001111234156781234
000000001111123445678123
000000004111112334567812
000000003411111223456781
000000002341111112345678
000000001234111123456781
000000001123411134567812
000000001112341145678123
000000001111234156781234
000000001111123467812345
000000004111112378123456
000000003411111281234567
seq
000000002345111112345678
000000001234511181234567
000000001123451178123456
000000001112345167812345
000000001111234556781234
000000005111123445678123
000000004511112334567812
000000003451111223456781
000000002345111112345678
000000001234511123456781
000000001123451134567812
000000001112345145678123
000000001111234556781234
000000005111123467812345
000000004511112378123456
000000003451111281234567
L2
000000002345111112345678
000000001234511181234567
000000001123451178123456
000000001112345167812345
000000001111234556781234
000000005111123445678123
000000004511112334567812
000000003451111223456781
000000002345111112345678
000000001234511123456781
000000001123451134567812
000000001112345145678123
000000001111234556781234
000000005111123467812345
000000004511112378123456
000000003451111281234567
L3
000000002345111112345678
000000001234511181234567
000000001123451178123456
000000001112345167812345
000000001111234556781234
000000005111123445678123
000000004511112334567812
000000003451111223456781
000000002345111112345678
000000001234511123456781
000000001123451134567812
000000001112345145678123
000000001111234556781234
000000005111123467812345
000000004511112378123456
000000003451111281234567
L4
000000002345111112345678
000000001234511181234567
000000001123451178123456
000000001112345167812345
000000001111234556781234
000000005111123445678123
000000004511112334567812
000000003451111223456781
000000002345111112345678
000000001234511123456781
000000001123451134567812
000000001112345145678123
000000001111234556781234
000000005111123467812345
000000004511112378123456
000000003451111281234567
L5
000000002345111112345678
000000001234511181234567
000000001123451178123456
000000001112345167812345
000000001111234556781234
000000005111123445678123
000000004511112334567812
000000003451111223456781
000000002345111112345678
000000001234511123456781
000000001123451134567812
000000001112345145678123
000000001111234556781234
000000005111123467812345
000000004511112378123456
000000003451111281234567
L6
000000002345111112345678
000000001234511181234567
000000001123451178123456
000000001112345167812345
000000001111234556781234
000000005111123445678123
000000004511112334567812
000000003451111223456781
000000002345111112345678
000000001234511123456781
000000001123451134567812
000000001112345145678123
000000001111234556781234
000000005111123467812345
000000004511112378123456
000000003451111281234567
L7
000000002345111112345678
000000001234511181234567
000000001123451178123456
000000001112345167812345
000000001111234556781234
000000005111123445678123
000000004511112334567812
000000003451111223456781
000000002345111112345678
000000001234511123456781
000000001123451134567812
000000001112345145678123
000000001111234556781234
000000005111123467812345
000000004511112378123456
000000003451111281234567
L8
000000002345111112345678
000000001234511181234567
000000001123451178123456
000000001112345167812345
000000001111234556781234
000000005111123445678123
000000004511112334567812
000000003451111223456781
000000002345111112345678
000000001234511123456781
000000001123451134567812
000000001112345145678123
000000001111234556781234
000000005111123467812345
000000004511112378123456
000000003451111281234567
L9
000000002345111112345678
000000001234511181234567
000000001123451178123456
000000001112345167812345
000000001111234556781234
000000005111123445678123
000000004511112334567812
000000003451111223456781
000000002345111112345678
000000001234511123456781
000000001123451134567812
000000001112345145678123
000000001111234556781234
000000005111123467812345
000000004511112378123456
000000003451111281234567
seq
000000002345611112345678
000000001234561181234567
000000001123456178123456
000000001112345667812345
000000006111234556781234
000000005611123445678123
000000004561112334567812
000000003456111223456781
000000002345611112345678
000000001234561123456781
000000001123456134567812
000000001112345645678123
000000006111234556781234
000000005611123467812345
000000004561112378123456
000000003456111281234567
L2
000000002345611112345678
000000001234561181234567
000000001123456178123456
000000001112345667812345
000000006111234556781234
000000005611123445678123
000000004561112334567812
000000003456111223456781
000000002345611112345678
000000001234561123456781
000000001123456134567812
000000001112345645678123
000000006111234556781234
000000005611123467812345
000000004561112378123456
000000003456111281234567
L3
000000002345611112345678
000000001234561181234567
000000001123456178123456
000000001112345667812345
000000006111234556781234
000000005611123445678123
000000004561112334567812
000000003456111223456781
000000002345611112345678
000000001234561123456781
000000001123456134567812
000000001112345645678123
000000006111234556781234
000000005611123467812345
000000004561112378123456
000000003456111281234567
L4
000000002345611112345678
000000001234561181234567
000000001123456178123456
000000001112345667812345
000000006111234556781234
000000005611123445678123
000000004561112334567812
000000003456111223456781
000000002345611112345678
000000001234561123456781
000000001123456134567812
000000001112345645678123
000000006111234556781234
000000005611123467812345
000000004561112378123456
000000003456111281234567
L5
000000002345611112345678
000000001234561181234567
000000001123456178123456
000000001112345667812345
000000006111234556781234
000000005611123445678123
000000004561112334567812
000000003456111223456781
000000002345611112345678
000000001234561123456781
000000001123456134567812
000000001112345645678123
000000006111234556781234
000000005611123467812345
000000004561112378123456
000000003456111281234567
L6
000000002345611112345678
000000001234561181234567
000000001123456178123456
000000001112345667812345
000000006111234556781234
000000005611123445678123
000000004561112334567812
000000003456111223456781
000000002345611112345678
000000001234561123456781
000000001123456134567812
000000001112345645678123
000000006111234556781234
000000005611123467812345
000000004561112378123456
000000003456111281234567
L7
000000002345611112345678
000000001234561181234567
000000001123456178123456
000000001112345667812345
000000006111234556781234
000000005611123445678123
000000004561112334567812
000000003456111223456781
000000002345611112345678
000000001234561123456781
000000001123456134567812
000000001112345645678123
000000006111234556781234
000000005611123467812345
000000004561112378123456
000000003456111281234567
L8
000000002345611112345678
000000001234561181234567
000000001123456178123456
000000001112345667812345
000000006111234556781234
000000005611123445678123
000000004561112334567812
000000003456111223456781
000000002345611112345678
000000001234561123456781
000000001123456134567812
000000001112345645678123
000000006111234556781234
000000005611123467812345
000000004561112378123456
000000003456111281234567
L9
000000002345611112345678
000000001234561181234567
000000001123456178123456
000000001112345667812345
000000006111234556781234
000000005611123445678123
000000004561112334567812
000000003456111223456781
000000002345611112345678
000000001234561123456781
000000001123456134567812
000000001112345645678123
000000006111234556781234
000000005611123467812345
000000004561112378123456
000000003456111281234567
seq
000000002345671112345678
000000001234567181234567
000000001123456778123456
000000007112345667812345
000000006711234556781234
000000005671123445678123
000000004567112334567812
000000003456711223456781
000000002345671112345678
000000001234567123456781
000000001123456734567812
000000007112345645678123
000000006711234556781234
000000005671123467812345
000000004567112378123456
000000003456711281234567
L2
000000002345671112345678
000000001234567181234567
000000001123456778123456
000000007112345667812345
000000006711234556781234
000000005671123445678123
000000004567112334567812
000000003456711223456781
000000002345671112345678
000000001234567123456781
000000001123456734567812
000000007112345645678123
000000006711234556781234
000000005671123467812345
000000004567112378123456
000000003456711281234567
L3
000000002345671112345678
000000001234567181234567
000000001123456778123456
000000007112345667812345
000000006711234556781234
000000005671123445678123
000000004567112334567812
000000003456711223456781
000000002345671112345678
000000001234567123456781
000000001123456734567812
000000007112345645678123
000000006711234556781234
000000005671123467812345
000000004567112378123456
000000003456711281234567
L4
000000002345671112345678
000000001234567181234567
000000001123456778123456
000000007112345667812345
000000006711234556781234
000000005671123445678123
000000004567112334567812
000000003456711223456781
000000002345671112345678
000000001234567123456781
000000001123456734567812
000000007112345645678123
000000006711234556781234
000000005671123467812345
000000004567112378123456
000000003456711281234567
L5
000000002345671112345678
000000001234567181234567
000000001123456778123456
000000007112345667812345
000000006711234556781234
000000005671123445678123
000000004567112334567812
000000003456711223456781
000000002345671112345678
000000001234567123456781
000000001123456734567812
000000007112345645678123
000000006711234556781234
000000005671123467812345
000000004567112378123456
000000003456711281234567
L6
000000002345671112345678
000000001234567181234567
000000001123456778123456
000000007112345667812345
000000006711234556781234
000000005671123445678123
000000004567112334567812
000000003456711223456781
000000002345671112345678
000000001234567123456781
000000001123456734567812
000000007112345645678123
000000006711234556781234
000000005671123467812345
000000004567112378123456
000000003456711281234567
L7
000000002345671112345678
000000001234567181234567
000000001123456778123456
000000007112345667812345
000000006711234556781234
000000005671123445678123
000000004567112334567812
000000003456711223456781
000000002345671112345678
000000001234567123456781
000000001123456734567812
000000007112345645678123
000000006711234556781234
000000005671123467812345
000000004567112378123456
000000003456711281234567
L8
000000002345671112345678
000000001234567181234567
000000001123456778123456
000000007112345667812345
000000006711234556781234
000000005671123445678123
000000004567112334567812
000000003456711223456781
000000002345671112345678
000000001234567123456781
000000001123456734567812
000000007112345645678123
000000006711234556781234
000000005671123467812345
000000004567112378123456
000000003456711281234567
L9
000000002345671112345678
000000001234567181234567
000000001123456778123456
000000007112345667812345
000000006711234556781234
000000005671123445678123
000000004567112334567812
000000003456711223456781
000000002345671112345678
000000001234567123456781
000000001123456734567812
000000007112345645678123
000000006711234556781234
000000005671123467812345
000000004567112378123456
000000003456711281234567
seq
000000002345678112345678
000000001234567881234567
000000008123456778123456
000000007812345667812345
000000006781234556781234
000000005678123445678123
000000004567812334567812
000000003456781223456781
000000002345678112345678
000000001234567823456781
000000008123456734567812
000000007812345645678123
000000006781234556781234
000000005678123467812345
000000004567812378123456
000000003456781281234567
L2
000000002345678112345678
000000001234567881234567
000000008123456778123456
000000007812345667812345
000000006781234556781234
000000005678123445678123
000000004567812334567812
000000003456781223456781
000000002345678112345678
000000001234567823456781
000000008123456734567812
000000007812345645678123
000000006781234556781234
000000005678123467812345
000000004567812378123456
000000003456781281234567
L3
000000002345678112345678
000000001234567881234567
000000008123456778123456
000000007812345667812345
000000006781234556781234
000000005678123445678123
000000004567812334567812
000000003456781223456781
000000002345678112345678
000000001234567823456781
000000008123456734567812
000000007812345645678123
000000006781234556781234
000000005678123467812345
000000004567812378123456
000000003456781281234567
L4
000000002345678112345678
000000001234567881234567
000000008123456778123456
000000007812345667812345
000000006781234556781234
000000005678123445678123
000000004567812334567812
000000003456781223456781
000000002345678112345678
000000001234567823456781
000000008123456734567812
000000007812345645678123
000000006781234556781234
000000005678123467812345
000000004567812378123456
000000003456781281234567
L5
000000002345678112345678
000000001234567881234567
000000008123456778123456
000000007812345667812345
000000006781234556781234
000000005678123445678123
000000004567812334567812
000000003456781223456781
000000002345678112345678
000000001234567823456781
000000008123456734567812
000000007812345645678123
000000006781234556781234
000000005678123467812345
000000004567812378123456
000000003456781281234567
L6
000000002345678112345678
000000001234567881234567
000000008123456778123456
000000007812345667812345
000000006781234556781234
000000005678123445678123
000000004567812334567812
000000003456781223456781
000000002345678112345678
000000001234567823456781
000000008123456734567812
000000007812345645678123
000000006781234556781234
000000005678123467812345
000000004567812378123456
000000003456781281234567
L7
000000002345678112345678
000000001234567881234567
000000008123456778123456
000000007812345667812345
000000006781234556781234
000000005678123445678123
000000004567812334567812
000000003456781223456781
000000002345678112345678
000000001234567823456781
000000008123456734567812
000000007812345645678123
000000006781234556781234
000000005678123467812345
000000004567812378123456
000000003456781281234567
L8
000000002345678112345678
000000001234567881234567
000000008123456778123456
000000007812345667812345
000000006781234556781234
000000005678123445678123
000000004567812334567812
000000003456781223456781
000000002345678112345678
000000001234567823456781
000000008123456734567812
000000007812345645678123
000000006781234556781234
000000005678123467812345
000000004567812378123456
000000003456781281234567
L9
000000002345678112345678
000000001234567881234567
000000008123456778123456
000000007812345667812345
000000006781234556781234
000000005678123445678123
000000004567812334567812
000000003456781223456781
000000002345678112345678
000000001234567823456781
000000008123456734567812
000000007812345645678123
000000006781234556781234
000000005678123467812345
000000004567812378123456
000000003456781281234567
seq
000000002345678112345678
000000001234567881234567
000000008123456778123456
000000007812345667812345
000000006781234556781234
000000005678123445678123
000000004567812334567812
000000003456781223456781
000000002345678112345678
000000001234567823456781
000000008123456734567812
000000007812345645678123
000000006781234556781234
000000005678123467812345
000000004567812378123456
000000003456781281234567
L2
000000002345678112345678
000000001234567881234567
000000008123456778123456
000000007812345667812345
000000006781234556781234
000000005678123445678123
000000004567812334567812
000000003456781223456781
000000002345678112345678
000000001234567823456781
000000008123456734567812
000000007812345645678123
000000006781234556781234
000000005678123467812345
000000004567812378123456
000000003456781281234567
L3
000000002345678112345678
000000001234567881234567
000000008123456778123456
000000007812345667812345
000000006781234556781234
000000005678123445678123
000000004567812334567812
000000003456781223456781
000000002345678112345678
000000001234567823456781
000000008123456734567812
000000007812345645678123
000000006781234556781234
000000005678123467812345
000000004567812378123456
000000003456781281234567
L4
000000002345678112345678
000000001234567881234567
000000008123456778123456
000000007812345667812345
000000006781234556781234
000000005678123445678123
000000004567812334567812
000000003456781223456781
000000002345678112345678
000000001234567823456781
000000008123456734567812
000000007812345645678123
000000006781234556781234
000000005678123467812345
000000004567812378123456
000000003456781281234567
L5
000000002345678112345678
000000001234567881234567
000000008123456778123456
000000007812345667812345
000000006781234556781234
000000005678123445678123
000000004567812334567812
000000003456781223456781
000000002345678112345678
000000001234567823456781
000000008123456734567812
000000007812345645678123
000000006781234556781234
000000005678123467812345
000000004567812378123456
000000003456781281234567
L6
000000002345678112345678
000000001234567881234567
000000008123456778123456
000000007812345667812345
000000006781234556781234
000000005678123445678123
000000004567812334567812
000000003456781223456781
000000002345678112345678
000000001234567823456781
000000008123456734567812
000000007812345645678123
000000006781234556781234
000000005678123467812345
000000004567812378123456
000000003456781281234567
L7
000000002345678112345678
000000001234567881234567
000000008123456778123456
000000007812345667812345
000000006781234556781234
000000005678123445678123
000000004567812334567812
000000003456781223456781
000000002345678112345678
000000001234567823456781
000000008123456734567812
000000007812345645678123
000000006781234556781234
000000005678123467812345
000000004567812378123456
000000003456781281234567
L8
000000002345678112345678
000000001234567881234567
000000008123456778123456
000000007812345667812345
000000006781234556781234
000000005678123445678123
000000004567812334567812
000000003456781223456781
000000002345678112345678
000000001234567823456781
000000008123456734567812
000000007812345645678123
000000006781234556781234
000000005678123467812345
000000004567812378123456
000000003456781281234567
L9
000000002345678112345678
000000001234567881234567
000000008123456778123456
000000007812345667812345
000000006781234556781234
000000005678123445678123
000000004567812334567812
000000003456781223456781
000000002345678112345678
000000001234567823456781
000000008123456734567812
000000007812345645678123
000000006781234556781234
000000005678123467812345
000000004567812378123456
000000003456781281234567
seq
000000002345678912345678
000000009234567881234567
000000008923456778123456
000000007892345667812345
000000006789234556781234
000000005678923445678123
000000004567892334567812
000000003456789223456781
000000002345678912345678
000000009234567823456781
000000008923456734567812
000000007892345645678123
000000006789234556781234
000000005678923467812345
000000004567892378123456
000000003456789281234567
L2
000000002345678912345678
000000009234567881234567
000000008923456778123456
000000007892345667812345
000000006789234556781234
000000005678923445678123
000000004567892334567812
000000003456789223456781
000000002345678912345678
000000009234567823456781
000000008923456734567812
000000007892345645678123
000000006789234556781234
000000005678923467812345
000000004567892378123456
000000003456789281234567
L3
000000002345678912345678
000000009234567881234567
000000008923456778123456
000000007892345667812345
000000006789234556781234
000000005678923445678123
000000004567892334567812
000000003456789223456781
000000002345678912345678
000000009234567823456781
000000008923456734567812
000000007892345645678123
000000006789234556781234
000000005678923467812345
000000004567892378123456
000000003456789281234567
L4
000000002345678912345678
000000009234567881234567
000000008923456778123456
000000007892345667812345
000000006789234556781234
000000005678923445678123
000000004567892334567812
000000003456789223456781
000000002345678912345678
000000009234567823456781
000000008923456734567812
000000007892345645678123
000000006789234556781234
000000005678923467812345
000000004567892378123456
000000003456789281234567
L5
000000002345678912345678
000000009234567881234567
000000008923456778123456
000000007892345667812345
000000006789234556781234
000000005678923445678123
000000004567892334567812
000000003456789223456781
000000002345678912345678
000000009234567823456781
000000008923456734567812
000000007892345645678123
000000006789234556781234
000000005678923467812345
000000004567892378123456
000000003456789281234567
L6
000000002345678912345678
000000009234567881234567
000000008923456778123456
000000007892345667812345
000000006789234556781234
000000005678923445678123
000000004567892334567812
000000003456789223456781
000000002345678912345678
000000009234567823456781
000000008923456734567812
000000007892345645678123
000000006789234556781234
000000005678923467812345
000000004567892378123456
000000003456789281234567
L7
000000002345678912345678
000000009234567881234567
000000008923456778123456
000000007892345667812345
000000006789234556781234
000000005678923445678123
000000004567892334567812
000000003456789223456781
000000002345678912345678
000000009234567823456781
000000008923456734567812
000000007892345645678123
000000006789234556781234
000000005678923467812345
000000004567892378123456
000000003456789281234567
L8
000000002345678912345678
000000009234567881234567
000000008923456778123456
000000007892345667812345
000000006789234556781234
000000005678923445678123
000000004567892334567812
000000003456789223456781
000000002345678912345678
000000009234567823456781
000000008923456734567812
000000007892345645678123
000000006789234556781234
000000005678923467812345
000000004567892378123456
000000003456789281234567
L9
000000002345678912345678
000000009234567881234567
000000008923456778123456
000000007892345667812345
000000006789234556781234
000000005678923445678123
000000004567892334567812
000000003456789223456781
000000002345678912345678
000000009234567823456781
000000008923456734567812
000000007892345645678123
000000006789234556781234
000000005678923467812345
000000004567892378123456
000000003456789281234567
seqbluestill
000000002345678911111111
0000000092345678
0000000089234567
0000000078923456
0000000067892345
0000000056789234
0000000045678923
0000000034567892
0000000023456789
0000000092345678
0000000089234567
0000000078923456
0000000067892345
0000000056789234
0000000045678923
0000000034567892
L2
000000002345678911111111
0000000092345678
0000000089234567
0000000078923456
0000000067892345
0000000056789234
0000000045678923
0000000034567892
0000000023456789
0000000092345678
0000000089234567
0000000078923456
0000000067892345
0000000056789234
0000000045678923
0000000034567892
L3
000000002345678911111111
0000000092345678
0000000089234567
0000000078923456
0000000067892345
0000000056789234
0000000045678923
0000000034567892
0000000023456789
0000000092345678
0000000089234567
0000000078923456
0000000067892345
0000000056789234
0000000045678923
0000000034567892
L4
000000002345678911111111
0000000092345678
0000000089234567
0000000078923456
0000000067892345
0000000056789234
0000000045678923
0000000034567892
0000000023456789
0000000092345678
0000000089234567
0000000078923456
0000000067892345
0000000056789234
0000000045678923
0000000034567892
L5
000000002345678911111111
0000000092345678
0000000089234567
0000000078923456
0000000067892345
0000000056789234
0000000045678923
0000000034567892
0000000023456789
0000000092345678
0000000089234567
0000000078923456
0000000067892345
0000000056789234
0000000045678923
0000000034567892
L6
000000002345678911111111
0000000092345678
0000000089234567
0000000078923456
0000000067892345
0000000056789234
0000000045678923
0000000034567892
0000000023456789
0000000092345678
0000000089234567
0000000078923456
0000000067892345
0000000056789234
0000000045678923
0000000034567892
L7
000000002345678911111111
0000000092345678
0000000089234567
0000000078923456
0000000067892345
0000000056789234
0000000045678923
0000000034567892
0000000023456789
0000000092345678
0000000089234567
0000000078923456
0000000067892345
0000000056789234
0000000045678923
0000000034567892
L8
000000002345678911111111
0000000092345678
0000000089234567
0000000078923456
0000000067892345
0000000056789234
0000000045678923
0000000034567892
0000000023456789
0000000092345678
0000000089234567
0000000078923456
0000000067892345
0000000056789234
0000000045678923
0000000034567892
L9
000000002345678911111111
0000000092345678
0000000089234567
0000000078923456
0000000067892345
0000000056789234
0000000045678923
0000000034567892
0000000023456789
0000000092345678
0000000089234567
0000000078923456
0000000067892345
0000000056789234
0000000045678923
0000000034567892
seq
000000002345678911111110
0000000092345678
0000000089234567
0000000078923456
0000000067892345
0000000056789234
0000000045678923
0000000034567892
0000000023456789
0000000092345678
0000000089234567
0000000078923456
0000000067892345
0000000056789234
0000000045678923
0000000034567892
seq
000000002345678911111100
0000000092345678
0000000089234567
0000000078923456
0000000067892345
0000000056789234
0000000045678923
0000000034567892
0000000023456789
0000000092345678
0000000089234567
0000000078923456
0000000067892345
0000000056789234
0000000045678923
0000000034567892
seq
000000002345678911111000
0000000092345678
0000000089234567
0000000078923456
0000000067892345
0000000056789234
0000000045678923
0000000034567892
0000000023456789
0000000092345678
0000000089234567
0000000078923456
0000000067892345
0000000056789234
0000000045678923
0000000034567892
seq
000000002345678911110000
0000000092345678
0000000089234567
0000000078923456
0000000067892345
0000000056789234
0000000045678923
0000000034567892
0000000023456789
0000000092345678
0000000089234567
0000000078923456
0000000067892345
0000000056789234
0000000045678923
0000000034567892
seq
000000002345678911100000
0000000092345678
0000000089234567
0000000078923456
0000000067892345
0000000056789234
0000000045678923
0000000034567892
0000000023456789
0000000092345678
0000000089234567
0000000078923456
0000000067892345
0000000056789234
0000000045678923
0000000034567892
seq
000000002345678911000000
0000000092345678
0000000089234567
0000000078923456
0000000067892345
0000000056789234
0000000045678923
0000000034567892
0000000023456789
0000000092345678
0000000089234567
0000000078923456
0000000067892345
0000000056789234
0000000045678923
0000000034567892
seq
000000002345678910000000
0000000092345678
0000000089234567
0000000078923456
0000000067892345
0000000056789234
0000000045678923
0000000034567892
0000000023456789
0000000092345678
0000000089234567
0000000078923456
0000000067892345
0000000056789234
0000000045678923
0000000034567892
seqjustgreens
000000002345678900000000
0000000092345678
0000000089234567
0000000078923456
0000000067892345
0000000056789234
0000000045678923
0000000034567892
0000000023456789
0000000092345678
0000000089234567
0000000078923456
0000000067892345
0000000056789234
0000000045678923
0000000034567892
seqgreensstartturningoff
000000000345678900000000
0000000090345678
0000000089034567
0000000078903456
0000000067890345
0000000056789034
0000000045678903
0000000034567890
0000000023456789
0000000090345678
0000000089034567
0000000078903456
0000000067890345
0000000056789034
0000000045678903
0000000034567890
L2
000000000345678900000000
0000000090345678
0000000089034567
0000000078903456
0000000067890345
0000000056789034
0000000045678903
0000000034567890
0000000023456789
0000000090345678
0000000089034567
0000000078903456
0000000067890345
0000000056789034
0000000045678903
0000000034567890
L3
000000000345678900000000
0000000090345678
0000000089034567
0000000078903456
0000000067890345
0000000056789034
0000000045678903
0000000034567890
0000000023456789
0000000090345678
0000000089034567
0000000078903456
0000000067890345
0000000056789034
0000000045678903
0000000034567890
L4
000000000345678900000000
0000000090345678
0000000089034567
0000000078903456
0000000067890345
0000000056789034
0000000045678903
0000000034567890
0000000023456789
0000000090345678
0000000089034567
0000000078903456
0000000067890345
0000000056789034
0000000045678903
0000000034567890
seq
000000000045678900000000
0000000090045678
0000000089004567
0000000078900456
0000000067890045
0000000056789004
0000000045678900
0000000004567890
0000000020456789
0000000090045678
0000000089004567
0000000078900456
0000000067890045
0000000056789004
0000000045678900
0000000004567890
L2
000000000045678900000000
0000000090045678
0000000089004567
0000000078900456
0000000067890045
0000000056789004
0000000045678900
0000000004567890
0000000020456789
0000000090045678
0000000089004567
0000000078900456
0000000067890045
0000000056789004
0000000045678900
0000000004567890
L3
000000000045678900000000
0000000090045678
0000000089004567
0000000078900456
0000000067890045
0000000056789004
0000000045678900
0000000004567890
0000000020456789
0000000090045678
0000000089004567
0000000078900456
0000000067890045
0000000056789004
0000000045678900
0000000004567890
L4
000000000045678900000000
0000000090045678
0000000089004567
0000000078900456
0000000067890045
0000000056789004
0000000045678900
0000000004567890
0000000020456789
0000000090045678
0000000089004567
0000000078900456
0000000067890045
0000000056789004
0000000045678900
0000000004567890
L5
000000000045678900000000
0000000090045678
0000000089004567
0000000078900456
0000000067890045
0000000056789004
0000000045678900
0000000004567890
0000000020456789
0000000090045678
0000000089004567
0000000078900456
0000000067890045
0000000056789004
0000000045678900
0000000004567890
seq
000000000005678900000000
0000000090005678
0000000089000567
0000000078900056
0000000067890005
0000000056789000
0000000005678900
0000000000567890
0000000020056789
0000000090005678
0000000089000567
0000000078900056
0000000067890005
0000000056789000
0000000005678900
0000000000567890
L2
000000000005678900000000
0000000090005678
0000000089000567
0000000078900056
0000000067890005
0000000056789000
0000000005678900
0000000000567890
0000000020056789
0000000090005678
0000000089000567
0000000078900056
0000000067890005
0000000056789000
0000000005678900
0000000000567890
L3
000000000005678900000000
0000000090005678
0000000089000567
0000000078900056
0000000067890005
0000000056789000
0000000005678900
0000000000567890
0000000020056789
0000000090005678
0000000089000567
0000000078900056
0000000067890005
0000000056789000
0000000005678900
0000000000567890
L4
000000000005678900000000
0000000090005678
0000000089000567
0000000078900056
0000000067890005
0000000056789000
0000000005678900
0000000000567890
0000000020056789
0000000090005678
0000000089000567
0000000078900056
0000000067890005
0000000056789000
0000000005678900
0000000000567890
L5
000000000005678900000000
0000000090005678
0000000089000567
0000000078900056
0000000067890005
0000000056789000
0000000005678900
0000000000567890
0000000020056789
0000000090005678
0000000089000567
0000000078900056
0000000067890005
0000000056789000
0000000005678900
0000000000567890
L6
000000000005678900000000
0000000090005678
0000000089000567
0000000078900056
0000000067890005
0000000056789000
0000000005678900
0000000000567890
0000000020056789
0000000090005678
0000000089000567
0000000078900056
0000000067890005
0000000056789000
0000000005678900
0000000000567890
seq
000000000000678900000000
0000000090000678
0000000089000067
0000000078900006
0000000067890000
0000000006789000
0000000000678900
0000000000067890
0000000020006789
0000000090000678
0000000089000067
0000000078900006
0000000067890000
0000000006789000
0000000000678900
0000000000067890
L2
000000000000678900000000
0000000090000678
0000000089000067
0000000078900006
0000000067890000
0000000006789000
0000000000678900
0000000000067890
0000000020006789
0000000090000678
0000000089000067
0000000078900006
0000000067890000
0000000006789000
0000000000678900
0000000000067890
L3
000000000000678900000000
0000000090000678
0000000089000067
0000000078900006
0000000067890000
0000000006789000
0000000000678900
0000000000067890
0000000020006789
0000000090000678
0000000089000067
0000000078900006
0000000067890000
0000000006789000
0000000000678900
0000000000067890
L4
000000000000678900000000
0000000090000678
0000000089000067
0000000078900006
0000000067890000
0000000006789000
0000000000678900
0000000000067890
0000000020006789
0000000090000678
0000000089000067
0000000078900006
0000000067890000
0000000006789000
0000000000678900
0000000000067890
L5
000000000000678900000000
0000000090000678
0000000089000067
0000000078900006
0000000067890000
0000000006789000
0000000000678900
0000000000067890
0000000020006789
0000000090000678
0000000089000067
0000000078900006
0000000067890000
0000000006789000
0000000000678900
0000000000067890
L6
000000000000678900000000
0000000090000678
0000000089000067
0000000078900006
0000000067890000
0000000006789000
0000000000678900
0000000000067890
0000000020006789
0000000090000678
0000000089000067
0000000078900006
0000000067890000
0000000006789000
0000000000678900
0000000000067890
L7
000000000000678900000000
0000000090000678
0000000089000067
0000000078900006
0000000067890000
0000000006789000
0000000000678900
0000000000067890
0000000020006789
0000000090000678
0000000089000067
0000000078900006
0000000067890000
0000000006789000
0000000000678900
0000000000067890
seq
000000000000078900000000
0000000090000078
0000000089000007
0000000078900000
0000000007890000
0000000000789000
0000000000078900
0000000000007890
0000000020000789
0000000090000078
0000000089000007
0000000078900000
0000000007890000
0000000000789000
0000000000078900
0000000000007890
L2
000000000000078900000000
0000000090000078
0000000089000007
0000000078900000
0000000007890000
0000000000789000
0000000000078900
0000000000007890
0000000020000789
0000000090000078
0000000089000007
0000000078900000
0000000007890000
0000000000789000
0000000000078900
0000000000007890
L3
000000000000078900000000
0000000090000078
0000000089000007
0000000078900000
0000000007890000
0000000000789000
0000000000078900
0000000000007890
0000000020000789
0000000090000078
0000000089000007
0000000078900000
0000000007890000
0000000000789000
0000000000078900
0000000000007890
L4
000000000000078900000000
0000000090000078
0000000089000007
0000000078900000
0000000007890000
0000000000789000
0000000000078900
0000000000007890
0000000020000789
0000000090000078
0000000089000007
0000000078900000
0000000007890000
0000000000789000
0000000000078900
0000000000007890
L5
000000000000078900000000
0000000090000078
0000000089000007
0000000078900000
0000000007890000
0000000000789000
0000000000078900
0000000000007890
0000000020000789
0000000090000078
0000000089000007
0000000078900000
0000000007890000
0000000000789000
0000000000078900
0000000000007890
L6
000000000000078900000000
0000000090000078
0000000089000007
0000000078900000
0000000007890000
0000000000789000
0000000000078900
0000000000007890
0000000020000789
0000000090000078
0000000089000007
0000000078900000
0000000007890000
0000000000789000
0000000000078900
0000000000007890
L7
000000000000078900000000
0000000090000078
0000000089000007
0000000078900000
0000000007890000
0000000000789000
0000000000078900
0000000000007890
0000000020000789
0000000090000078
0000000089000007
0000000078900000
0000000007890000
0000000000789000
0000000000078900
0000000000007890
L8
000000000000078900000000
0000000090000078
0000000089000007
0000000078900000
0000000007890000
0000000000789000
0000000000078900
0000000000007890
0000000020000789
0000000090000078
0000000089000007
0000000078900000
0000000007890000
0000000000789000
0000000000078900
0000000000007890
seq
000000000000008900000000
0000000090000008
0000000089000000
0000000008900000
0000000000890000
0000000000089000
0000000000008900
0000000000000890
0000000020000089
0000000090000008
0000000089000000
0000000008900000
0000000000890000
0000000000089000
0000000000008900
0000000000000890
L2
000000000000008900000000
0000000090000008
0000000089000000
0000000008900000
0000000000890000
0000000000089000
0000000000008900
0000000000000890
0000000020000089
0000000090000008
0000000089000000
0000000008900000
0000000000890000
0000000000089000
0000000000008900
0000000000000890
L3
000000000000008900000000
0000000090000008
0000000089000000
0000000008900000
0000000000890000
0000000000089000
0000000000008900
0000000000000890
0000000020000089
0000000090000008
0000000089000000
0000000008900000
0000000000890000
0000000000089000
0000000000008900
0000000000000890
L4
000000000000008900000000
0000000090000008
0000000089000000
0000000008900000
0000000000890000
0000000000089000
0000000000008900
0000000000000890
0000000020000089
0000000090000008
0000000089000000
0000000008900000
0000000000890000
0000000000089000
0000000000008900
0000000000000890
L5
000000000000008900000000
0000000090000008
0000000089000000
0000000008900000
0000000000890000
0000000000089000
0000000000008900
0000000000000890
0000000020000089
0000000090000008
0000000089000000
0000000008900000
0000000000890000
0000000000089000
0000000000008900
0000000000000890
L6
000000000000008900000000
0000000090000008
0000000089000000
0000000008900000
0000000000890000
0000000000089000
0000000000008900
0000000000000890
0000000020000089
0000000090000008
0000000089000000
0000000008900000
0000000000890000
0000000000089000
0000000000008900
0000000000000890
L7
000000000000008900000000
0000000090000008
0000000089000000
0000000008900000
0000000000890000
0000000000089000
0000000000008900
0000000000000890
0000000020000089
0000000090000008
0000000089000000
0000000008900000
0000000000890000
0000000000089000
0000000000008900
0000000000000890
L8
000000000000008900000000
0000000090000008
0000000089000000
0000000008900000
0000000000890000
0000000000089000
0000000000008900
0000000000000890
0000000020000089
0000000090000008
0000000089000000
0000000008900000
0000000000890000
0000000000089000
0000000000008900
0000000000000890
L9
000000000000008900000000
0000000090000008
0000000089000000
0000000008900000
0000000000890000
0000000000089000
0000000000008900
0000000000000890
0000000020000089
0000000090000008
0000000089000000
0000000008900000
0000000000890000
0000000000089000
0000000000008900
0000000000000890
seqPart1-1
delay=100000
000000000000008000000000
0000000000000008
0000000080000000
0000000008000000
0000000000800000
0000000000080000
0000000000008000
0000000000000800
0000000020000080
0000000000000008
0000000080000000
0000000008000000
0000000000800000
0000000000080000
0000000000008000
0000000000000800
L2
000000000000008000000000
0000000000000008
0000000080000000
0000000008000000
0000000000800000
0000000000080000
0000000000008000
0000000000000800
0000000020000080
0000000000000008
0000000080000000
0000000008000000
0000000000800000
0000000000080000
0000000000008000
0000000000000800
L3
000000000000008000000000
0000000000000008
0000000080000000
0000000008000000
0000000000800000
0000000000080000
0000000000008000
0000000000000800
0000000020000080
0000000000000008
0000000080000000
0000000008000000
0000000000800000
0000000000080000
0000000000008000
0000000000000800
L4
000000000000008000000000
0000000000000008
0000000080000000
0000000008000000
0000000000800000
0000000000080000
0000000000008000
0000000000000800
0000000020000080
0000000000000008
0000000080000000
0000000008000000
0000000000800000
0000000000080000
0000000000008000
0000000000000800
L5
000000000000008000000000
0000000000000008
0000000080000000
0000000008000000
0000000000800000
0000000000080000
0000000000008000
0000000000000800
0000000020000080
0000000000000008
0000000080000000
0000000008000000
0000000000800000
0000000000080000
0000000000008000
0000000000000800
L6
000000000000008000000000
0000000000000008
0000000080000000
0000000008000000
0000000000800000
0000000000080000
0000000000008000
0000000000000800
0000000020000080
0000000000000008
0000000080000000
0000000008000000
0000000000800000
0000000000080000
0000000000008000
0000000000000800
L7
000000000000008000000000
0000000000000008
0000000080000000
0000000008000000
0000000000800000
0000000000080000
0000000000008000
0000000000000800
0000000020000080
0000000000000008
0000000080000000
0000000008000000
0000000000800000
0000000000080000
0000000000008000
0000000000000800
L8
000000000000008000000000
0000000000000008
0000000080000000
0000000008000000
0000000000800000
0000000000080000
0000000000008000
0000000000000800
0000000020000080
0000000000000008
0000000080000000
0000000008000000
0000000000800000
0000000000080000
0000000000008000
0000000000000800
L9
000000000000008000000000
0000000000000008
0000000080000000
0000000008000000
0000000000800000
0000000000080000
0000000000008000
0000000000000800
0000000020000080
0000000000000008
0000000080000000
0000000008000000
0000000000800000
0000000000080000
0000000000008000
0000000000000800
seqRedsIn
900000000000008000000000
0900000000000008
0090000080000000
0009000008000000
0000900000800000
0000090000080000
0000009000008000
0000000900000800
0000000020000080
0900000000000008
0090000080000000
0009000008000000
0000900000800000
0000090000080000
0000009000008000
0000000900000800
L2
900000000000008000000000
0900000000000008
0090000080000000
0009000008000000
0000900000800000
0000090000080000
0000009000008000
0000000900000800
0000000020000080
0900000000000008
0090000080000000
0009000008000000
0000900000800000
0000090000080000
0000009000008000
0000000900000800
L3
900000000000008000000000
0900000000000008
0090000080000000
0009000008000000
0000900000800000
0000090000080000
0000009000008000
0000000900000800
0000000020000080
0900000000000008
0090000080000000
0009000008000000
0000900000800000
0000090000080000
0000009000008000
0000000900000800
L4
900000000000008000000000
0900000000000008
0090000080000000
0009000008000000
0000900000800000
0000090000080000
0000009000008000
0000000900000800
0000000020000080
0900000000000008
0090000080000000
0009000008000000
0000900000800000
0000090000080000
0000009000008000
0000000900000800
L5
900000000000008000000000
0900000000000008
0090000080000000
0009000008000000
0000900000800000
0000090000080000
0000009000008000
0000000900000800
0000000020000080
0900000000000008
0090000080000000
0009000008000000
0000900000800000
0000090000080000
0000009000008000
0000000900000800
seqGreensUp
900000000000008000000000
0900000000000008
0090000010000000
0009000002000000
0000900000300000
0000090000040000
0000009000005000
0000000900000600
0000000020000070
0900000000000008
0090000070000000
0009000006000000
0000900000500000
0000090000040000
0000009000003000
0000000900000200
900000000000008000000000
0900000000000008
0090000010000000
0009000002000000
0000900000300000
0000090000040000
0000009000005000
0000000900000600
0000000020000070
0900000000000008
0090000070000000
0009000006000000
0000900000500000
0000090000040000
0000009000003000
0000000900000200
900000000000008000000000
0900000000000008
0090000080000000
0009000008000000
0000900000800000
0000090000080000
0000009000008000
0000000900000800
0000000020000080
0900000000000008
0090000080000000
0009000008000000
0000900000800000
0000090000080000
0000009000008000
0000000900000800
L2
900000000000008000000000
0900000000000008
0090000010000000
0009000002000000
0000900000300000
0000090000040000
0000009000005000
0000000900000600
0000000020000070
0900000000000008
0090000070000000
0009000006000000
0000900000500000
0000090000040000
0000009000003000
0000000900000200
900000000000008000000000
0900000000000008
0090000010000000
0009000002000000
0000900000300000
0000090000040000
0000009000005000
0000000900000600
0000000020000070
0900000000000008
0090000070000000
0009000006000000
0000900000500000
0000090000040000
0000009000003000
0000000900000200
900000000000008000000000
0900000000000008
0090000080000000
0009000008000000
0000900000800000
0000090000080000
0000009000008000
0000000900000800
0000000020000080
0900000000000008
0090000080000000
0009000008000000
0000900000800000
0000090000080000
0000009000008000
0000000900000800
L3
900000000000008000000000
0900000000000008
0090000010000000
0009000002000000
0000900000300000
0000090000040000
0000009000005000
0000000900000600
0000000020000070
0900000000000008
0090000070000000
0009000006000000
0000900000500000
0000090000040000
0000009000003000
0000000900000200
900000000000008000000000
0900000000000008
0090000010000000
0009000002000000
0000900000300000
0000090000040000
0000009000005000
0000000900000600
0000000020000070
0900000000000008
0090000070000000
0009000006000000
0000900000500000
0000090000040000
0000009000003000
0000000900000200
900000000000008000000000
0900000000000008
0090000080000000
0009000008000000
0000900000800000
0000090000080000
0000009000008000
0000000900000800
0000000020000080
0900000000000008
0090000080000000
0009000008000000
0000900000800000
0000090000080000
0000009000008000
0000000900000800
seqTwobueBlips
900000000000008000000000
0900000000000008
0090000010000000
0009000002000000
0000900000300000
0000090000040000
0000009000005000
0000000900000600
0000000020000070
0900000000000008
0090000070000000
0009000006000000
0000900000500000
0000090000040000
0000009000003000
0000000900000200
900000000000008001000000
0900000000000008
0090000010000000
0009000002000000
0000900000300000
0000090000040000
0000009000005000
0000000900000600
0000000020000070
090000000000000808000000
0090000070000000
0009000006000000
0000900000500000
0000090000040000
000000900000300001000000
000000090000020000000000
900000000000008000000000
0900000000000008
0090000080000000
0009000008000000
0000900000800000
0000090000080000
0000009000008000
0000000900000800
0000000020000080
0900000000000008
0090000080000000
0009000008000000
0000900000800000
0000090000080000
0000009000008000
0000000900000800
L2
900000000000008000000000
0900000000000008
0090000010000000
0009000002000000
0000900000300000
0000090000040000
0000009000005000
0000000900000600
0000000020000070
0900000000000008
0090000070000000
0009000006000000
0000900000500000
0000090000040000
0000009000003000
0000000900000200
900000000000008001000000
0900000000000008
0090000010000000
0009000002000000
0000900000300000
0000090000040000
0000009000005000
0000000900000600
0000000020000070
090000000000000808000000
0090000070000000
0009000006000000
0000900000500000
0000090000040000
000000900000300001000000
000000090000020000000000
900000000000008000000000
0900000000000008
0090000080000000
0009000008000000
0000900000800000
0000090000080000
0000009000008000
0000000900000800
0000000020000080
0900000000000008
0090000080000000
0009000008000000
0000900000800000
0000090000080000
0000009000008000
0000000900000800
L3
900000000000008000000000
0900000000000008
0090000010000000
0009000002000000
0000900000300000
0000090000040000
0000009000005000
0000000900000600
0000000020000070
0900000000000008
0090000070000000
0009000006000000
0000900000500000
0000090000040000
0000009000003000
0000000900000200
900000000000008001000000
0900000000000008
0090000010000000
0009000002000000
0000900000300000
0000090000040000
0000009000005000
0000000900000600
0000000020000070
090000000000000808000000
0090000070000000
0009000006000000
0000900000500000
0000090000040000
000000900000300001000000
000000090000020000000000
900000000000008000000000
0900000000000008
0090000080000000
0009000008000000
0000900000800000
0000090000080000
0000009000008000
0000000900000800
0000000020000080
0900000000000008
0090000080000000
0009000008000000
0000900000800000
0000090000080000
0000009000008000
0000000900000800
seqGap
000000000000008000000000
0000000000000008
0000000080000000
0000000007000000
0000000000600000
0000000000050000
0000000000004000
0000000000000300
0000000020000020
0000000000000001
0000000070000000
0000000006000000
0000000000500000
0000000000040000
0000000000003000
0000000000000200
seqTwobueBlips
900000000000008000000000
0900000000000008
0090000010000000
0009000002000000
0000900000300000
0000090000040000
0000009000005000
0000000900000600
0000000020000070
0900000000000008
0090000070000000
0009000006000000
0000900000500000
0000090000040000
0000009000003000
0000000900000200
900000000000008001000080
0900000000000008
0090000010000000
0009000002000000
0000900000300000
0000090000040000
0000009000005000
0000000900000600
0000000020000070
090000000000000808000010
0090000070000000
0009000006000000
0000900000500000
0000090000040000
000000900000300001000000
000000090000020000000080
900000000000008000000000
0900000000000008
0090000080000000
0009000008000000
0000900000800000
0000090000080000
0000009000008000
0000000900000800
0000000020000080
0900000000000008
0090000080000000
0009000008000000
0000900000800000
0000090000080000
0000009000008000
0000000900000800
L2
900000000000008000000000
0900000000000008
0090000010000000
0009000002000000
0000900000300000
0000090000040000
0000009000005000
0000000900000600
0000000020000070
0900000000000008
0090000070000000
0009000006000000
0000900000500000
0000090000040000
0000009000003000
0000000900000200
900000000000008001000080
0900000000000008
0090000010000000
0009000002000000
0000900000300000
0000090000040000
0000009000005000
0000000900000600
0000000020000070
090000000000000808000010
0090000070000000
0009000006000000
0000900000500000
0000090000040000
000000900000300001000000
000000090000020000000080
900000000000008000000000
0900000000000008
0090000080000000
0009000008000000
0000900000800000
0000090000080000
0000009000008000
0000000900000800
0000000020000080
0900000000000008
0090000080000000
0009000008000000
0000900000800000
0000090000080000
0000009000008000
0000000900000800
L3
900000000000008000000000
0900000000000008
0090000010000000
0009000002000000
0000900000300000
0000090000040000
0000009000005000
0000000900000600
0000000020000070
0900000000000008
0090000070000000
0009000006000000
0000900000500000
0000090000040000
0000009000003000
0000000900000200
900000000000008001000080
0900000000000008
0090000010000000
0009000002000000
0000900000300000
0000090000040000
0000009000005000
0000000900000600
0000000020000070
090000000000000808000010
0090000070000000
0009000006000000
0000900000500000
0000090000040000
000000900000300001000000
000000090000020000000080
900000000000008000000000
0900000000000008
0090000080000000
0009000008000000
0000900000800000
0000090000080000
0000009000008000
0000000900000800
0000000020000080
0900000000000008
0090000080000000
0009000008000000
0000900000800000
0000090000080000
0000009000008000
0000000900000800
seqTwobueBlipsPart1-2
delay=100000
900000000000008000000000
0900000000000008
0090000010000000
0009000002000000
0000900000300000
0000090000040000
0000009000005000
0000000900000600
0000000020000070
0900000000000008
0090000070000000
0009000006000000
0000900000500000
0000090000040000
0000009000003000
0000000900000200
900000000000008001000080
0900000000000008
0090000010000000
0009000002000000
0000900000300000
0000090000040000
0000009000005000
0050000900000600
0050000020000070
090000000000000808000010
0090000070000000
0009000006000000
0000900000500000
0000090000040000
000000900000300001000000
000000090000020000000080
900000000000008000000000
0900000000000008
0090000080000000
0009000008000000
0000900000800000
0000090000080000
0000009000008000
0000000900000800
0000000020000080
0900000000000008
0090000080000000
0009000008000000
0000900000800000
0050090000080000
0000009000008000
0000000900000800
L2
900000000000008000000000
0900000000000008
0090000010000000
0009000002000000
0000900000300000
0000090000040000
0000009000005000
0000000900000600
0000000020000070
0900000000000008
0090000070000000
0009000006000000
0000900000500000
0000090000040000
0000009000003000
0000000900000200
900000000000008001000080
0900000000000008
0090000010000000
0009000002000000
0000900000300000
0000090000040000
0000009000005000
0050000900000600
0050000020000070
090000000000000808000010
0090000070000000
0009000006000000
0000900000500000
0000090000040000
000000900000300001000000
000000090000020000000080
900000000000008000000000
0900000000000008
0090000080000000
0009000008000000
0000900000800000
0000090000080000
0000009000008000
0000000900000800
0000000020000080
0900000000000008
0090000080000000
0009000008000000
0000900000800000
0050090000080000
0000009000008000
0000000900000800
L3
900000000000008000000000
0900000000000008
0090000010000000
0009000002000000
0000900000300000
0000090000040000
0000009000005000
0000000900000600
0000000020000070
0900000000000008
0090000070000000
0009000006000000
0000900000500000
0000090000040000
0000009000003000
0000000900000200
900000000000008001000080
0900000000000008
0090000010000000
0009000002000000
0000900000300000
0000090000040000
0000009000005000
0050000900000600
0050000020000070
090000000000000808000010
0090000070000000
0009000006000000
0000900000500000
0000090000040000
000000900000300001000000
000000090000020000000080
900000000000008000000000
0900000000000008
0090000080000000
0009000008000000
0000900000800000
0000090000080000
0000009000008000
0000000900000800
0000000020000080
0900000000000008
0090000080000000
0009000008000000
0000900000800000
0050090000080000
0000009000008000
0000000900000800
L4
900000000000008000000000
0900000000000008
0090000010000000
0009000002000000
0000900000300000
0000090000040000
0000009000005000
0000000900000600
0000000020000070
0900000000000008
0090000070000000
0009000006000000
0000900000500000
0000090000040000
0000009000003000
0000000900000200
900000000000008001000080
0900000000000008
0090000010000000
0009000002000000
0000900000300000
0000090000040000
0000009000005000
0050000900000600
0050000020000070
090000000000000808000010
0090000070000000
0009000006000000
0000900000500000
0000090000040000
000000900000300001000000
000000090000020000000080
900000000000008000000000
0900000000000008
0090000080000000
0009000008000000
0000900000800000
0000090000080000
0000009000008000
0000000900000800
0000000020000080
0900000000000008
0090000080000000
0009000008000000
0000900000800000
0050090000080000
0000009000008000
0000000900000800
L5
900000000000008000000000
0900000000000008
0090000010000000
0009000002000000
0000900000300000
0000090000040000
0000009000005000
0000000900000600
0000000020000070
0900000000000008
0090000070000000
0009000006000000
0000900000500000
0000090000040000
0000009000003000
0000000900000200
900000000000008001000080
0900000000000008
0090000010000000
0009000002000000
0000900000300000
0000090000040000
0000009000005000
0050000900000600
0050000020000070
090000000000000808000010
0090000070000000
0009000006000000
0000900000500000
0000090000040000
000000900000300001000000
000000090000020000000080
900000000000008000000000
0900000000000008
0090000080000000
0009000008000000
0000900000800000
0000090000080000
0000009000008000
0000000900000800
0000000020000080
0900000000000008
0090000080000000
0009000008000000
0000900000800000
0050090000080000
0000009000008000
0000000900000800
L6
900000000000008000000000
0900000000000008
0090000010000000
0009000002000000
0000900000300000
0000090000040000
0000009000005000
0000000900000600
0000000020000070
0900000000000008
0090000070000000
0009000006000000
0000900000500000
0000090000040000
0000009000003000
0000000900000200
900000000000008001000080
0900000000000008
0090000010000000
0009000002000000
0000900000300000
0000090000040000
0000009000005000
0050000900000600
0050000020000070
090000000000000808000010
0090000070000000
0009000006000000
0000900000500000
0000090000040000
000000900000300001000000
000000090000020000000080
900000000000008000000000
0900000000000008
0090000080000000
0009000008000000
0000900000800000
0000090000080000
0000009000008000
0000000900000800
0000000020000080
0900000000000008
0090000080000000
0009000008000000
0000900000800000
0050090000080000
0000009000008000
0000000900000800
seq
900000000800008000000000
0900000000700008
0090000010060000
0009000002005000
0000900000300400
0000090000040030
0000009000005002
0000000910000600
0000000022000070
0900000000300008
0090000070040000
0009000006005000
0000900000500600
0000090000040070
0000009000003008
0000000900000200
900000000800008001000080
0900000000700008
0090000010060000
0009000002005000
0000900000300400
0000090000040030
0000009000005002
0050000900000600
0050000020000070
090000000000000808000010
0090000070000000
0009000006000000
0000900000500000
0000090000040000
000000900000300001000000
000000090000020000000080
900000000000008000000000
0900000000000008
0090000080000000
0009000008000000
0000900000800000
0000090000080000
0000009000008000
0000000900000800
0000000020000080
0900000000000008
0090000080000000
0009000008000000
0000900010800000
0050090002080000
0000009000308000
0000000900040800
L2
900000000800008000000000
0900000000700008
0090000010060000
0009000002005000
0000900000300400
0000090000040030
0000009000005002
0000000910000600
0000000022000070
0900000000300008
0090000070040000
0009000006005000
0000900000500600
0000090000040070
0000009000003008
0000000900000200
900000000800008001000080
0900000000700008
0090000010060000
0009000002005000
0000900000300400
0000090000040030
0000009000005002
0050000900000600
0050000020000070
090000000000000808000010
0090000070000000
0009000006000000
0000900000500000
0000090000040000
000000900000300001000000
000000090000020000000080
900000000000008000000000
0900000000000008
0090000080000000
0009000008000000
0000900000800000
0000090000080000
0000009000008000
0000000900000800
0000000020000080
0900000000000008
0090000080000000
0009000008000000
0000900010800000
0050090002080000
0000009000308000
0000000900040800
L3
900000000800008000000000
0900000000700008
0090000010060000
0009000002005000
0000900000300400
0000090000040030
0000009000005002
0000000910000600
0000000022000070
0900000000300008
0090000070040000
0009000006005000
0000900000500600
0000090000040070
0000009000003008
0000000900000200
900000000800008001000080
0900000000700008
0090000010060000
0009000002005000
0000900000300400
0000090000040030
0000009000005002
0050000900000600
0050000020000070
090000000000000808000010
0090000070000000
0009000006000000
0000900000500000
0000090000040000
000000900000300001000000
000000090000020000000080
900000000000008000000000
0900000000000008
0090000080000000
0009000008000000
0000900000800000
0000090000080000
0000009000008000
0000000900000800
0000000020000080
0900000000000008
0090000080000000
0009000008000000
0000900010800000
0050090002080000
0000009000308000
0000000900040800
seq
900000000800008000000000
0900000000700008
0090000010060000
0009000002005000
0000900000300400
0000090000040030
0000009000005002
0000000910000600
0000000022000070
0900000000300008
0090000070040000
0009000006005000
0000900000500600
0000090000040070
0000009000003008
0000000900000200
900000000800008001000080
0900000000700008
0090000010060000
0009000002005000
0000900000300400
0000090000040030
0000009000005002
0050000900000600
0050000020000070
090000000000000808000010
0090000070000000
0009000006000000
0000900000500000
0000090000040000
000000900000300001000000
000000090000020000000080
900000000000008000000000
0900000000000008
0090000180000000
0009000208000000
0000900300800000
0000090000080000
0000009000008000
0000000900000800
0000000020000080
0900000000000008
0090000080000000
0009000008000000
0000900010800000
1050090002080000
8000009000308000
0000000900040800
L2
900000000800008000000000
0900000000700008
0090000010060000
0009000002005000
0000900000300400
0000090000040030
0000009000005002
0000000910000600
0000000022000070
0900000000300008
0090000070040000
0009000006005000
0000900000500600
0000090000040070
0000009000003008
0000000900000200
900000000800008001000080
0900000000700008
0090000010060000
0009000002005000
0000900000300400
0000090000040030
0000009000005002
0050000900000600
0050000020000070
090000000000000808000010
0090000070000000
0009000006000000
0000900000500000
0000090000040000
000000900000300001000000
000000090000020000000080
900000000000008000000000
0900000000000008
0090000180000000
0009000208000000
0000900300800000
0000090000080000
0000009000008000
0000000900000800
0000000020000080
0900000000000008
0090000080000000
0009000008000000
0000900010800000
1050090002080000
8000009000308000
0000000900040800
L3
900000000800008000000000
0900000000700008
0090000010060000
0009000002005000
0000900000300400
0000090000040030
0000009000005002
0000000910000600
0000000022000070
0900000000300008
0090000070040000
0009000006005000
0000900000500600
0000090000040070
0000009000003008
0000000900000200
900000000800008001000080
0900000000700008
0090000010060000
0009000002005000
0000900000300400
0000090000040030
0000009000005002
0050000900000600
0050000020000070
090000000000000808000010
0090000070000000
0009000006000000
0000900000500000
0000090000040000
000000900000300001000000
000000090000020000000080
900000000000008000000000
0900000000000008
0090000180000000
0009000208000000
0000900300800000
0000090000080000
0000009000008000
0000000900000800
0000000020000080
0900000000000008
0090000080000000
0009000008000000
0000900010800000
1050090002080000
8000009000308000
0000000900040800
seqGapFillin1-2forTheo
delay=100000
900000000800008000000000
seq
delay=100050
090000000070000800000000
seq
delay=100100
009000001006000000000000
seq
delay=100200
000900000200500000000000
seq
delay=100400
000090000030040000000000
seq
delay=100400
000009000004003000000000
seq
delay=100800
000000900000500200000000
seq
delay=101600
000000091000060000000000
seq
delay=103200
seq
000000002200007000000000
delay=106400
seq
090000000030000800000000
delay=112800
009000007004000000000000
seq
delay=125600
000900000600500000000000
seq
delay=151200
000090000050060000000000
seq
delay=202400
000009000004007000000000
seq
delay=222640
000000900000300800000000
seq
delay=267168
000000090000020000000000
seq
delay=347318
900000000800008001000080
seq
delay=520977
0900000000700008
seq
delay=937758
0090000010060000
seq
delay=1875516
0009000002005000
seq
delay=5626548
0000900000300400
seq
delay=100000
000000000000000000000000
0000000000000000
0000000000000000
0000000000000000
800000000000000000000000
5800000000000000
1580000000000000
0158000000000000
0015800080000000
0001580058000000
0000158015800000
0000015801580000
0000001500158000
0000000100015800
0000000000001580
0000000000000158
0000000000000015
0000000000000001
0000000000000000
0000000000000000
0000000000000000
0000000000000000
seq
delay=100000
900000000800008000000000
0900000000700008
0090000010060000
0009000002005000
0000900000300400
0000090000040030
0000009000005002
0000000910000600
0000000022000070
0900000000300008
0090000070040000
0009000006005000
0000900000500600
0000090000040070
0000009000003008
0000000900000200
900000000800008000000000
0900000000700008
0090000010060000
0009000002005000
0000900000300400
0000090000040030
0000009000005002
0050000900000600
0050000020000070
0900000000000008
0090000070000000
0009000006000000
0000900000500000
0000090000040000
0000009000003000
0000000900000200
L2
900000000800008000000000
0900000000700008
0090000010060000
0009000002005000
0000900000300400
0000090000040030
0000009000005002
0000000910000600
0000000022000070
0900000000300008
0090000070040000
0009000006005000
0000900000500600
0000090000040070
0000009000003008
0000000900000200
900000000800008000000000
0900000000700008
0090000010060000
0009000002005000
0000900000300400
0000090000040030
0000009000005002
0050000900000600
0050000020000070
0900000000000008
0090000070000000
0009000006000000
0000900000500000
0000090000040000
0000009000003000
0000000900000200
L3
900000000800008000000000
0900000000700008
0090000010060000
0009000002005000
0000900000300400
0000090000040030
0000009000005002
0000000910000600
0000000022000070
0900000000300008
0090000070040000
0009000006005000
0000900000500600
0000090000040070
0000009000003008
0000000900000200
900000000800008000000000
0900000000700008
0090000010060000
0009000002005000
0000900000300400
0000090000040030
0000009000005002
0050000900000600
0050000020000070
0900000000000008
0090000070000000
0009000006000000
0000900000500000
0000090000040000
0000009000003000
0000000900000200
seq
delay=100000
900000000800008000000000
0900000000700008
0090000010060000
0009000002005000
0000900000300400
0000090000040030
0000009000005002
0000000910000600
0000000022000070
0900000000300008
0090000070040000
0009000006005000
0000900000500600
0000090000040070
0000009000003008
0000000900000200
900000000800008000000000
0900000000700008
0090000010060000
0009000002005000
0000900000300400
0000090000040030
0000009000005002
0050000900000600
0050000020000070
0900000000000008
0090000070000000
0009000006000000
0000900000500000
0000090000040000
0000009000003000
0000000900000200
900000000800008000000000
0900000000700008
0090000010060000
0009000002005000
0000900000300400
0000090000040030
0000009000005002
0050000900000600
0050000020000070
0900000000000008
0090000070000000
0009000006000000
0000900010500000
0000090002040000
0000009000303000
0000000900040200
L2
900000000800008000000000
0900000000700008
0090000010060000
0009000002005000
0000900000300400
0000090000040030
0000009000005002
0000000910000600
0000000022000070
0900000000300008
0090000070040000
0009000006005000
0000900000500600
0000090000040070
0000009000003008
0000000900000200
900000000800008000000000
0900000000700008
0090000010060000
0009000002005000
0000900000300400
0000090000040030
0000009000005002
0050000900000600
0050000020000070
0900000000000008
0090000070000000
0009000006000000
0000900000500000
0000090000040000
0000009000003000
0000000900000200
900000000800008000000000
0900000000700008
0090000010060000
0009000002005000
0000900000300400
0000090000040030
0000009000005002
0050000900000600
0050000020000070
0900000000000008
0090000070000000
0009000006000000
0000900010500000
0000090002040000
0000009000303000
0000000900040200
L3
900000000800008000000000
0900000000700008
0090000010060000
0009000002005000
0000900000300400
0000090000040030
0000009000005002
0000000910000600
0000000022000070
0900000000300008
0090000070040000
0009000006005000
0000900000500600
0000090000040070
0000009000003008
0000000900000200
900000000800008000000000
0900000000700008
0090000010060000
0009000002005000
0000900000300400
0000090000040030
0000009000005002
0050000900000600
0050000020000070
0900000000000008
0090000070000000
0009000006000000
0000900000500000
0000090000040000
0000009000003000
0000000900000200
900000000800008000000000
0900000000700008
0090000010060000
0009000002005000
0000900000300400
0000090000040030
0000009000005002
0050000900000600
0050000020000070
0900000000000008
0090000070000000
0009000006000000
0000900010500000
0000090002040000
0000009000303000
0000000900040200
seq
000000000000008000000000
0000000000000008
0000000010000000
0000000002000000
0000000000300000
0000000000040000
0000000000005000
0000000000000600
0000000020000070
0000000000000008
0000000070000000
0000000006000000
0000000000500000
0000000000040000
0000000000003000
0000000000000200
L2
000000000000008000000000
0000000000000008
0000000010000000
0000000002000000
0000000000300000
0000000000040000
0000000000005000
0000000000000600
0000000020000070
0000000000000008
0000000070000000
0000000006000000
0000000000500000
0000000000040000
0000000000003000
0000000000000200
seq
900000000000000000000000
0900000000000000
0090000000000000
0009000000000000
0000900000000000
0000090000000000
0000009000000000
0000000900000000
0000000000000000
0900000000000000
0090000000000000
0009000000000000
0000900000000000
0000090000000000
0000009000000000
0000000900000000
900000000000000000000000
0900000000000000
0090000000000000
0009000000000000
0000900000000000
0000090000000000
0000009000000000
0050000900000000
0050000000000000
0900000000000000
0090000000000000
0009000000000000
0000900000000000
0000090000000000
0000009000000000
0000000900000000
900000000000000000000000
0900000000000000
0090000000000000
0009000000000000
0000900000000000
0000090000000000
0000009000000000
0050000900000000
0050000000000000
0900000000000008
0090000000000000
0009000000000000
0000900000000000
0000090000000000
0000009000000000
0000000900000000
L2
900000000000000000000000
0900000000000000
0090000000000000
0009000000000000
0000900000000000
0000090000000000
0000009000000000
0000000900000000
0000000000000000
0900000000000000
0090000000000000
0009000000000000
0000900000000000
0000090000000000
0000009000000000
0000000900000000
900000000000000000000000
0900000000000000
0090000000000000
0009000000000000
0000900000000000
0000090000000000
0000009000000000
0050000900000000
0050000000000000
0900000000000000
0090000000000000
0009000000000000
0000900000000000
0000090000000000
0000009000000000
0000000900000000
900000000000000000000000
0900000000000000
0090000000000000
0009000000000000
0000900000000000
0000090000000000
0000009000000000
0050000900000000
0050000000000000
0900000000000008
0090000000000000
0009000000000000
0000900000000000
0000090000000000
0000009000000000
0000000900000000
L3
900000000000000000000000
0900000000000000
0090000000000000
0009000000000000
0000900000000000
0000090000000000
0000009000000000
0000000900000000
0000000000000000
0900000000000000
0090000000000000
0009000000000000
0000900000000000
0000090000000000
0000009000000000
0000000900000000
900000000000000000000000
0900000000000000
0090000000000000
0009000000000000
0000900000000000
0000090000000000
0000009000000000
0050000900000000
0050000000000000
0900000000000000
0090000000000000
0009000000000000
0000900000000000
0000090000000000
0000009000000000
0000000900000000
900000000000000000000000
0900000000000000
0090000000000000
0009000000000000
0000900000000000
0000090000000000
0000009000000000
0050000900000000
0050000000000000
0900000000000008
0090000000000000
0009000000000000
0000900000000000
0000090000000000
0000009000000000
0000000900000000
seq
900000000000000000100010
0900000000000000
0090000000000000
0009000000000000
0000900000000000
0000090000000000
0000009000000000
0000000900000000
0000000000000000
0900000000000000
0090000000000000
0009000000000000
0000900000000000
0000090000000000
0000009000000000
0000000900000000
900000000000000000500050
0900000000000000
0090000000000000
0009000000000000
0000900000000000
0000090000000000
0000009000000000
0050000900000000
0050000000000000
0900000000000000
0090000000000000
0009000000000000
0000900000000000
0000090000000000
0000009000000000
0000000900000000
900000000000000000100010
0900000000000000
0090000000000000
0009000000000000
0000900000000000
0000090000000000
0000009000000000
0050000900000000
0050000000000000
0900000000000008
0090000000000000
0009000000000000
0000900000000000
0000090000000000
0000009000000000
000000090000000000100010
L2
900000000000000000100010
0900000000000000
0090000000000000
0009000000000000
0000900000000000
0000090000000000
0000009000000000
0000000900000000
0000000000000000
0900000000000000
0090000000000000
0009000000000000
0000900000000000
0000090000000000
0000009000000000
0000000900000000
900000000000000000500050
0900000000000000
0090000000000000
0009000000000000
0000900000000000
0000090000000000
0000009000000000
0050000900000000
0050000000000000
0900000000000000
0090000000000000
0009000000000000
0000900000000000
0000090000000000
0000009000000000
0000000900000000
900000000000000000100010
0900000000000000
0090000000000000
0009000000000000
0000900000000000
0000090000000000
0000009000000000
0050000900000000
0050000000000000
0900000000000008
0090000000000000
0009000000000000
0000900000000000
0000090000000000
0000009000000000
000000090000000000100010
L3
900000000000000000100010
0900000000000000
0090000000000000
0009000000000000
0000900000000000
0000090000000000
0000009000000000
0000000900000000
0000000000000000
0900000000000000
0090000000000000
0009000000000000
0000900000000000
0000090000000000
0000009000000000
0000000900000000
900000000000000000500050
0900000000000000
0090000000000000
0009000000000000
0000900000000000
0000090000000000
0000009000000000
0050000900000000
0050000000000000
0900000000000000
0090000000000000
0009000000000000
0000900000000000
0000090000000000
0000009000000000
0000000900000000
900000000000000000100010
0900000000000000
0090000000000000
0009000000000000
0000900000000000
0000090000000000
0000009000000000
0050000900000000
0050000000000000
0900000000000008
0090000000000000
0009000000000000
0000900000000000
0000090000000000
0000009000000000
000000090000000000100010
seqRedKeyChangepart1-3
delay=100000
900000000000000000100010
0900000000000000
0090000000000000
0009000000000000
0000900000000000
0000090000000000
0005009000000000
0005000900000000
0000000000000000
0900000000000000
0090000000000000
0009000000000000
0000900000000000
0000090000000000
0000009000000000
0000000900000000
900000000000000000500050
0900000000000000
0090000000000000
0009000000000000
0000900000000000
0000090000000000
0000009000000000
0050000900000000
0050000000000000
0900000000000000
0090000000000000
0009000000000000
0000900000000000
0000090000000000
0005009000000000
0000000900000000
900000000000000000100010
0900000000000000
0090000000000000
0009000000000000
0000900000000000
0000090000000000
0005009000000000
0050000900000000
0055000000000000
0900000000000000
0090000000000000
0009000000000000
0000900000000000
0000090000000000
0000009000000000
000000090000000000100010
L2
900000000000000000100010
0900000000000000
0090000000000000
0009000000000000
0000900000000000
0000090000000000
0005009000000000
0005000900000000
0000000000000000
0900000000000000
0090000000000000
0009000000000000
0000900000000000
0000090000000000
0000009000000000
0000000900000000
900000000000000000500050
0900000000000000
0090000000000000
0009000000000000
0000900000000000
0000090000000000
0000009000000000
0050000900000000
0050000000000000
0900000000000000
0090000000000000
0009000000000000
0000900000000000
0000090000000000
0005009000000000
0000000900000000
900000000000000000100010
0900000000000000
0090000000000000
0009000000000000
0000900000000000
0000090000000000
0005009000000000
0050000900000000
0055000000000000
0900000000000000
0090000000000000
0009000000000000
0000900000000000
0000090000000000
0000009000000000
000000090000000000100010
L3
900000000000000000100010
0900000000000000
0090000000000000
0009000000000000
0000900000000000
0000090000000000
0005009000000000
0005000900000000
0000000000000000
0900000000000000
0090000000000000
0009000000000000
0000900000000000
0000090000000000
0000009000000000
0000000900000000
900000000000000000500050
0900000000000000
0090000000000000
0009000000000000
0000900000000000
0000090000000000
0000009000000000
0050000900000000
0050000000000000
0900000000000000
0090000000000000
0009000000000000
0000900000000000
0000090000000000
0005009000000000
0000000900000000
900000000000000000100010
0900000000000000
0090000000000000
0009000000000000
0000900000000000
0000090000000000
0005009000000000
0050000900000000
0055000000000000
0900000000000000
0090000000000000
0009000000000000
0000900000000000
0000090000000000
0000009000000000
000000090000000000100010
seqRedKeyChangegreens
900000000050000000100010
0900000000000000
0090000000000000
0009000000800000
0000900000000000
0000090000000000
0005009000000050
0005000900000000
0000000000000000
0900000000000080
0090000000000000
0009000000000000
0000900000500000
0000090000000000
0000009000000000
0000000900800000
900000000000000000500050
0900000000000000
0090000000000050
0009000000000000
0000900000000000
0000090000000080
0000009000000000
0050000900000000
0050000000500000
0900000000000000
0090000000000000
0009000000800000
0000900000000000
0000090000000000
0005009000000050
0000000900000000
900000000000000000100010
0900000000000080
0090000000000000
0009000000000000
0000900000500000
0000090000000000
0005009000000000
0050000900800000
0055000000000000
0900000000000000
0090000000000050
0009000000000000
0000900000000000
0000090000000080
0000009000000000
000000090000000000100010
L2
900000000050000000100010
0900000000000000
0090000000000000
0009000000800000
0000900000000000
0000090000000000
0005009000000050
0005000900000000
0000000000000000
0900000000000080
0090000000000000
0009000000000000
0000900000500000
0000090000000000
0000009000000000
0000000900800000
900000000000000000500050
0900000000000000
0090000000000050
0009000000000000
0000900000000000
0000090000000080
0000009000000000
0050000900000000
0050000000500000
0900000000000000
0090000000000000
0009000000800000
0000900000000000
0000090000000000
0005009000000050
0000000900000000
900000000000000000100010
0900000000000080
0090000000000000
0009000000000000
0000900000500000
0000090000000000
0005009000000000
0050000900800000
0055000000000000
0900000000000000
0090000000000050
0009000000000000
0000900000000000
0000090000000080
0000009000000000
000000090000000000100010
L3
900000000050000000100010
0900000000000000
0090000000000000
0009000000800000
0000900000000000
0000090000000000
0005009000000050
0005000900000000
0000000000000000
0900000000000080
0090000000000000
0009000000000000
0000900000500000
0000090000000000
0000009000000000
0000000900800000
900000000000000000500050
0900000000000000
0090000000000050
0009000000000000
0000900000000000
0000090000000080
0000009000000000
0050000900000000
0050000000500000
0900000000000000
0090000000000000
0009000000800000
0000900000000000
0000090000000000
0005009000000050
0000000900000000
900000000000000000100010
0900000000000080
0090000000000000
0009000000000000
0000900000500000
0000090000000000
0005009000000000
0050000900800000
0055000000000000
0900000000000000
0090000000000050
0009000000000000
0000900000000000
0000090000000080
0000009000000000
000000090000000000100010
seqmoreRedBass
900000000050000000100010
0900000000000000
0090000000000000
0009001000800000
0000900000000000
0000090000000000
0005009000000050
0005000900000000
0080000000000000
0900000000000080
0090000000000000
0009000000000000
0000900000500000
0000090000000000
0003009000000000
0000000900800000
900000000000000000500050
0900000000000000
0090000000000050
0009000000000000
0000900000000000
0400090000000080
0000009000000000
0050000900000000
0050000000500000
0900000000000000
0090000100000000
0009000000800000
0200900000000000
0000090000000000
0005009000000050
0000000900000000
900100000000000000100010
0900000000000080
0090000000000000
0009000000000000
0000900000500000
0000090100000000
0005009000000000
0050000900800000
0055000000000000
0900000000000000
0090000000000050
0009000000000000
0000900000000000
0000090000000080
0000009000000000
000300090000000000100010
L2
900000000050000000100010
0900000000000000
0090000000000000
0009001000800000
0000900000000000
0000090000000000
0005009000000050
0005000900000000
0080000000000000
0900000000000080
0090000000000000
0009000000000000
0000900000500000
0000090000000000
0003009000000000
0000000900800000
900000000000000000500050
0900000000000000
0090000000000050
0009000000000000
0000900000000000
0400090000000080
0000009000000000
0050000900000000
0050000000500000
0900000000000000
0090000100000000
0009000000800000
0200900000000000
0000090000000000
0005009000000050
0000000900000000
900100000000000000100010
0900000000000080
0090000000000000
0009000000000000
0000900000500000
0000090100000000
0005009000000000
0050000900800000
0055000000000000
0900000000000000
0090000000000050
0009000000000000
0000900000000000
0000090000000080
0000009000000000
000300090000000000100010
L3
900000000050000000100010
0900000000000000
0090000000000000
0009001000800000
0000900000000000
0000090000000000
0005009000000050
0005000900000000
0080000000000000
0900000000000080
0090000000000000
0009000000000000
0000900000500000
0000090000000000
0003009000000000
0000000900800000
900000000000000000500050
0900000000000000
0090000000000050
0009000000000000
0000900000000000
0400090000000080
0000009000000000
0050000900000000
0050000000500000
0900000000000000
0090000100000000
0009000000800000
0200900000000000
0000090000000000
0005009000000050
0000000900000000
900100000000000000100010
0900000000000080
0090000000000000
0009000000000000
0000900000500000
0000090100000000
0005009000000000
0050000900800000
0055000000000000
0900000000000000
0090000000000050
0009000000000000
0000900000000000
0000090000000080
0000009000000000
000300090000000000100010
seqEvenmoreRedBass
900004000050000000100010
0900003000000000
0090000200000000
0009001000800000
0000900000000000
7000090000000000
0005009000000050
0005000900000000
0080000000000000
0900000000000080
0090000000000000
6009000000000000
5000900000500000
0000090000000000
0003009000000000
0000000900800000
900000000000000000500050
0900000000000000
0090000000000050
0009000000000000
0000900000000000
0400090000000080
0000009000000000
0050000900000000
0050000000500000
0900000000000000
0090000100000000
0009002000800000
0200930000000000
0000490000000000
0005009000000050
0060000900000000
900100000000000000100010
0900000000000080
0090000000000000
0009000000000000
0000900000500000
0000090100000000
0005009000000000
0050000900800000
0055000000000000
0900004000000000
0090004000000050
0009004000000000
0000905000000000
0000090000000080
0000009000000000
100300090000000000100010
L2
900004000050000000100010
0900003000000000
0090000200000000
0009001000800000
0000900000000000
7000090000000000
0005009000000050
0005000900000000
0080000000000000
0900000000000080
0090000000000000
6009000000000000
5000900000500000
0000090000000000
0003009000000000
0000000900800000
900000000000000000500050
0900000000000000
0090000000000050
0009000000000000
0000900000000000
0400090000000080
0000009000000000
0050000900000000
0050000000500000
0900000000000000
0090000100000000
0009002000800000
0200930000000000
0000490000000000
0005009000000050
0060000900000000
900100000000000000100010
0900000000000080
0090000000000000
0009000000000000
0000900000500000
0000090100000000
0005009000000000
0050000900800000
0055000000000000
0900004000000000
0090004000000050
0009004000000000
0000905000000000
0000090000000080
0000009000000000
100300090000000000100010
L3
900004000050000000100010
0900003000000000
0090000200000000
0009001000800000
0000900000000000
7000090000000000
0005009000000050
0005000900000000
0080000000000000
0900000000000080
0090000000000000
6009000000000000
5000900000500000
0000090000000000
0003009000000000
0000000900800000
900000000000000000500050
0900000000000000
0090000000000050
0009000000000000
0000900000000000
0400090000000080
0000009000000000
0050000900000000
0050000000500000
0900000000000000
0090000100000000
0009002000800000
0200930000000000
0000490000000000
0005009000000050
0060000900000000
900100000000000000100010
0900000000000080
0090000000000000
0009000000000000
0000900000500000
0000090100000000
0005009000000000
0050000900800000
0055000000000000
0900004000000000
0090004000000050
0009004000000000
0000905000000000
0000090000000080
0000009000000000
100300090000000000100010
seqEvenmoreRedBassPulsesOut
000004000050000000100010
0000003000000000
0090000200000000
0000001000800000
0000000000000000
7000000000000000
0005009000000050
0005000000000000
0080000000000000
0000000000000080
0090000000000000
6000000000000000
5000000000500000
0000000000000000
0003009000000000
0000000000800000
000000000000000000500050
0000000000000000
0090000000000050
0000000000000000
0000000000000000
0400000000000080
0000009000000000
0050000000000000
0050000000500000
0900000000000000
0000000100000000
0000002000800000
0200030000000000
0000400000000000
0005009000000050
0060000000000000
000100000000000000100010
0900000000000080
0000000000000000
0000000000000000
0000000000500000
0000000100000000
0005009000000000
0050000000800000
0055000000000000
0900004000000000
0000004000000050
0000004000000000
0000005000000000
0000000000000080
0000000000000000
100300000000000000100010
L2
000004000050000000100010
0000003000000000
0090000200000000
0000001000800000
0000000000000000
7000000000000000
0005009000000050
0005000000000000
0080000000000000
0000000000000080
0090000000000000
6000000000000000
5000000000500000
0000000000000000
0003009000000000
0000000000800000
000000000000000000500050
0000000000000000
0090000000000050
0000000000000000
0000000000000000
0400000000000080
0000009000000000
0050000000000000
0050000000500000
0900000000000000
0000000100000000
0000002000800000
0200030000000000
0000400000000000
0005009000000050
0060000000000000
000100000000000000100010
0900000000000080
0000000000000000
0000000000000000
0000000000500000
0000000100000000
0005009000000000
0050000000800000
0055000000000000
0900004000000000
0000004000000050
0000004000000000
0000005000000000
0000000000000080
0000000000000000
100300000000000000100010
L3
000004000050000000100010
0000003000000000
0090000200000000
0000001000800000
0000000000000000
7000000000000000
0005009000000050
0005000000000000
0080000000000000
0000000000000080
0090000000000000
6000000000000000
5000000000500000
0000000000000000
0003009000000000
0000000000800000
000000000000000000500050
0000000000000000
0090000000000050
0000000000000000
0000000000000000
0400000000000080
0000009000000000
0050000000000000
0050000000500000
0900000000000000
0000000100000000
0000002000800000
0200030000000000
0000400000000000
0005009000000050
0060000000000000
000100000000000000100010
0900000000000080
0000000000000000
0000000000000000
0000000000500000
0000000100000000
0005009000000000
0050000000800000
0055000000000000
0900004000000000
0000004000000050
0000004000000000
0000005000000000
0000000000000080
0000000000000000
100300000000000000100010
seqRedBassAllPulsesOut
000004000050000000100010
0000003000000000
0000000200000000
0000001000800000
0000000000000000
7000000000000000
0005000000000050
0005000000000000
0080000000000000
0000000000000080
0000000000000000
6000000000000000
5000000000500000
0000000000000000
0003000000000000
0000000000800000
000000000000000000500050
0000000000000000
0000000000000050
0000000000000000
0000000000000000
0400000000000080
0000000000000000
0050000000000000
0050000000500000
0000000000000000
0000000100000000
0000002000800000
0200030000000000
0000400000000000
0005000000000050
0060000000000000
000100000000000000100010
0000000000000080
0000000000000000
0000000000000000
0000000000500000
0000000100000000
0005000000000000
0050000000800000
0055000000000000
0000004000000000
0000004000000050
0000004000000000
0000005000000000
0000000000000080
0000000000000000
100300000000000000100010
L2
000004000050000000100010
0000003000000000
0000000200000000
0000001000800000
0000000000000000
7000000000000000
0005000000000050
0005000000000000
0080000000000000
0000000000000080
0000000000000000
6000000000000000
5000000000500000
0000000000000000
0003000000000000
0000000000800000
000000000000000000500050
0000000000000000
0000000000000050
0000000000000000
0000000000000000
0400000000000080
0000000000000000
0050000000000000
0050000000500000
0000000000000000
0000000100000000
0000002000800000
0200030000000000
0000400000000000
0005000000000050
0060000000000000
000100000000000000100010
0000000000000080
0000000000000000
0000000000000000
0000000000500000
0000000100000000
0005000000000000
0050000000800000
0055000000000000
0000004000000000
0000004000000050
0000004000000000
0000005000000000
0000000000000080
0000000000000000
100300000000000000100010
L3
000004000050000000100010
0000003000000000
0000000200000000
0000001000800000
0000000000000000
7000000000000000
0005000000000050
0005000000000000
0080000000000000
0000000000000080
0000000000000000
6000000000000000
5000000000500000
0000000000000000
0003000000000000
0000000000800000
000000000000000000500050
0000000000000000
0000000000000050
0000000000000000
0000000000000000
0400000000000080
0000000000000000
0050000000000000
0050000000500000
0000000000000000
0000000100000000
0000002000800000
0200030000000000
0000400000000000
0005000000000050
0060000000000000
000100000000000000100010
0000000000000080
0000000000000000
0000000000000000
0000000000500000
0000000100000000
0005000000000000
0050000000800000
0055000000000000
0000004000000000
0000004000000050
0000004000000000
0000005000000000
0000000000000080
0000000000000000
100300000000000000100010
seqRedBassAllPulsesOut
000004000050000011111111
0000003000000000
0000000200000000
0000001000800000
0000000000000000
7000000000000000
0005000000000050
0005000000000000
0080000000000000
0000000000000080
0000000000000000
6000000000000000
5000000000500000
0000000000000000
0003000000000000
0000000000800000
000000000000000055555555
0000000000000000
0000000000000050
0000000000000000
0000000000000000
0400000000000080
0000000000000000
0050000000000000
0050000000500000
0000000000000000
0000000100000000
0000002000800000
0200030000000000
0000400000000000
0005000000000050
0060000000000000
000100000000000011111111
0000000000000080
0000000000000000
0000000000000000
0000000000500000
0000000100000000
0005000000000000
0050000000800000
0055000000000000
0000004000000000
0000004000000050
0000004000000000
0000005000000000
0000000000000080
0000000000000000
1003000000000000
L2
000004000050000011111111
0000003000000000
0000000200000000
0000001000800000
0000000000000000
7000000000000000
0005000000000050
0005000000000000
0080000000000000
0000000000000080
0000000000000000
6000000000000000
5000000000500000
0000000000000000
0003000000000000
0000000000800000
000000000000000055555555
0000000000000000
0000000000000050
0000000000000000
0000000000000000
0400000000000080
0000000000000000
0050000000000000
0050000000500000
0000000000000000
0000000100000000
0000002000800000
0200030000000000
0000400000000000
0005000000000050
0060000000000000
000100000000000011111111
0000000000000080
0000000000000000
0000000000000000
0000000000500000
0000000100000000
0005000000000000
0050000000800000
0055000000000000
0000004000000000
0000004000000050
0000004000000000
0000005000000000
0000000000000080
0000000000000000
1003000000000000
L3
000004000050000011111111
0000003000000000
0000000200000000
0000001000800000
0000000000000000
7000000000000000
0005000000000050
0005000000000000
0080000000000000
0000000000000080
0000000000000000
6000000000000000
5000000000500000
0000000000000000
0003000000000000
0000000000800000
000000000000000055555555
0000000000000000
0000000000000050
0000000000000000
0000000000000000
0400000000000080
0000000000000000
0050000000000000
0050000000500000
0000000000000000
0000000100000000
0000002000800000
0200030000000000
0000400000000000
0005000000000050
0060000000000000
000100000000000011111111
0000000000000080
0000000000000000
0000000000000000
0000000000500000
0000000100000000
0005000000000000
0050000000800000
0055000000000000
0000004000000000
0000004000000050
0000004000000000
0000005000000000
0000000000000080
0000000000000000
1003000000000000
seqRedBassGreensOut
000004000000000011111111
0000003000000000
0000000200000000
0000001000000000
0000000000000000
7000000000000000
0005000000000000
0005000000000000
0080000000000000
0000000000000000
0000000000000000
6000000000000000
5000000000000000
0000000000000000
0003000000000000
0000000000000000
000000000000000055555555
0000000000000000
0000000000000000
0000000000000000
0000000000000000
0400000000000000
0000000000000000
0050000000000000
0050000000000000
0000000000000000
0000000100000000
0000002000000000
0200030000000000
0000400000000000
0005000000000000
0060000000000000
000100000000000011111111
0000000000000000
0000000000000000
0000000000000000
0000000000000000
0000000100000000
0005000000000000
0050000000000000
0055000000000000
0000004000000000
0000004000000000
0000004000000000
0000005000000000
0000000000000000
0000000000000000
1003000000000000
L2
000004000000000011111111
0000003000000000
0000000200000000
0000001000000000
0000000000000000
7000000000000000
0005000000000000
0005000000000000
0080000000000000
0000000000000000
0000000000000000
6000000000000000
5000000000000000
0000000000000000
0003000000000000
0000000000000000
000000000000000055555555
0000000000000000
0000000000000000
0000000000000000
0000000000000000
0400000000000000
0000000000000000
0050000000000000
0050000000000000
0000000000000000
0000000100000000
0000002000000000
0200030000000000
0000400000000000
0005000000000000
0060000000000000
000100000000000011111111
0000000000000000
0000000000000000
0000000000000000
0000000000000000
0000000100000000
0005000000000000
0050000000000000
0055000000000000
0000004000000000
0000004000000000
0000004000000000
0000005000000000
0000000000000000
0000000000000000
1003000000000000
L3
000004000000000011111111
0000003000000000
0000000200000000
0000001000000000
0000000000000000
7000000000000000
0005000000000000
0005000000000000
0080000000000000
0000000000000000
0000000000000000
6000000000000000
5000000000000000
0000000000000000
0003000000000000
0000000000000000
000000000000000055555555
0000000000000000
0000000000000000
0000000000000000
0000000000000000
0400000000000000
0000000000000000
0050000000000000
0050000000000000
0000000000000000
0000000100000000
0000002000000000
0200030000000000
0000400000000000
0005000000000000
0060000000000000
000100000000000011111111
0000000000000000
0000000000000000
0000000000000000
0000000000000000
0000000100000000
0005000000000000
0050000000000000
0055000000000000
0000004000000000
0000004000000000
0000004000000000
0000005000000000
0000000000000000
0000000000000000
1003000000000000
seqjustBluesLastPart1-3
000000000000000011111111
0000000000000000
0000000000000000
0000000000000000
0000000000000000
0000000000000000
0000000000000000
0000000000000000
0000000000000000
0000000000000000
0000000000000000
0000000000000000
0000000000000000
0000000000000000
0000000000000000
0000000000000000
000000000000000055555555
0000000000000000
0000000000000000
0000000000000000
0000000000000000
0000000000000000
0000000000000000
0000000000000000
0000000000000000
0000000000000000
0000000000000000
0000000000000000
0000000000000000
0000000000000000
0000000000000000
0000000000000000
000000000000000011111111
0000000000000000
0000000000000000
0000000000000000
0000000000000000
0000000000000000
0000000000000000
0000000000000000
0000000000000000
0000000000000000
0000000000000000
0000000000000000
0000000000000000
0000000000000000
0000000000000000
0000000000000000
L2
000000000000000011111111
0000000000000000
0000000000000000
0000000000000000
0000000000000000
0000000000000000
0000000000000000
0000000000000000
0000000000000000
0000000000000000
0000000000000000
0000000000000000
0000000000000000
0000000000000000
0000000000000000
0000000000000000
000000000000000055555555
0000000000000000
0000000000000000
0000000000000000
0000000000000000
0000000000000000
0000000000000000
0000000000000000
0000000000000000
0000000000000000
0000000000000000
0000000000000000
0000000000000000
0000000000000000
0000000000000000
0000000000000000
000000000000000011111111
0000000000000000
0000000000000000
0000000000000000
0000000000000000
0000000000000000
0000000000000000
0000000000000000
0000000000000000
0000000000000000
0000000000000000
0000000000000000
0000000000000000
0000000000000000
0000000000000000
0000000000000000
L3
000000000000000011111111
0000000000000000
0000000000000000
0000000000000000
0000000000000000
0000000000000000
0000000000000000
0000000000000000
0000000000000000
0000000000000000
0000000000000000
0000000000000000
0000000000000000
0000000000000000
0000000000000000
0000000000000000
000000000000000055555555
0000000000000000
0000000000000000
0000000000000000
0000000000000000
0000000000000000
0000000000000000
0000000000000000
0000000000000000
0000000000000000
0000000000000000
0000000000000000
0000000000000000
0000000000000000
0000000000000000
0000000000000000
000000000000000011111111
0000000000000000
0000000000000000
0000000000000000
0000000000000000
0000000000000000
0000000000000000
0000000000000000
0000000000000000
0000000000000000
0000000000000000
0000000000000000
0000000000000000
0000000000000000
0000000000000000
0000000000000000
seqpart2-1start
delay=1440000
000500000000000000000000
0004000000000000
0003000000000000
0002000000000000
0001000000000000
0001000000000000
0002000000000000
0003000000000000
0000000000000000
0000000000000000
0000000000000000
0000000000000000
0000000000000000
0000000000000000
0000000000000000
0000000000000000
L2
000500000000000000000000
0004000000000000
0003000000000000
0002000000000000
0001000000000000
0001000000000000
0002000000000000
0003000000000000
0000000000000000
0000000000000000
0000000000000000
0000000000000000
0000000000000000
0000000000000000
0000000000000000
0000000000000000
L3
000500000000000000000000
0004000000000000
0003000000000000
0002000000000000
0001000000000000
0001000000000000
0002000000000000
0003000000000000
0000000000000000
0000000000000000
0000000000000000
0000000000000000
0000000000000000
0000000000000000
0000000000000000
0000000000000000
seq
delay=1440000
000500000000000000000000
0004000000000000
0003000000000000
0002000000000000
0001000000000000
0001000000000000
0002000000000000
0003000000000000
0000000100000000
0000000200000000
0000000400000000
0000000500000000
0000000500000000
0000000400000000
0000000300000000
0000000200000000
L2
000500000000000000000000
0004000000000000
0003000000000000
0002000000000000
0001000000000000
0001000000000000
0002000000000000
0003000000000000
0000000100000000
0000000200000000
0000000400000000
0000000500000000
0000000500000000
0000000400000000
0000000300000000
0000000200000000
L3
000500000000000000000000
0004000000000000
0003000000000000
0002000000000000
0001000000000000
0001000000000000
0002000000000000
0003000000000000
0000000100000000
0000000200000000
0000000400000000
0000000500000000
0000000500000000
0000000400000000
0000000300000000
0000000200000000
seq
delay=10000
000000000000000000000000
seq
delay=14400000
000500000000000000000000
0000000500000000
L2
000500000000000000000000
0000000500000000
seq
delay=1440000
000500000000000000000000
0004000000000000
0003000000000000
0002000000000000
0001000000000000
0001000000000000
0002000000000000
0003000000000000
0000000100000000
0000000200000000
0000000400000000
0000000500000000
0000000500000000
0000000400000000
0000000300000000
0000000200000000
seq
000100000000000000000000
0001000000000000
0002000000000000
0003000000000000
0005000000000000
0008000000000000
0008000000000000
0000000000000000
0000000000000000
0000000800000000
0000000800000000
0000000500000000
0000000300000000
0000000200000000
0000000100000000
0000000100000000
seq
000100000000000000000000
0001000010000000
0002000010000000
0003000020000000
0005000030000000
0008000050000000
0008000080000000
0000000013000000
0000000021000000
0000000834000000
0000000855000000
0000000589000000
0000000314400000
0000000223300000
0000000137700000
0000000161000000
seq
000100000000000000000610
000100001000000000000377
000200001000000000000233
000300002000000000000144
000500003000000000000089
000800005000000000000055
000800008000000000000034
000000001300000000000021
000000002100000000000013
000000083400000000000008
000000085500000000000005
000000058900000000000003
000000031440000000000002
000000022330000000000001
000000013770000000000001
000000016100000000000000
seq
delay=890000
000100000000000000000610
000100001000000000000377
000200001000000000000233
000300002000000000000144
000500003000000000000089
000800005000000000000055
000800008000000000000034
000000001300000000000021
000000002100000000000013
000000083400000000000008
000000085500000000000005
000000058900000000000003
000000031440000000000002
000000022330000000000001
000000013770000000000001
000000016100000000000000
seq
delay=550000
000100000000000000000610
000100001000000000000377
000200001000000000000233
000300002000000000000144
000500003000000000000089
000800005000000000000055
000800008000000000000034
000000001300000000000021
000000002100000000000013
000000083400000000000008
000000085500000000000005
000000058900000000000003
000000031440000000000002
000000022330000000000001
000000013770000000000001
000000016100000000000000
seq
delay=340000
000100000000000000000610
000100001000000000000377
000200001000000000000233
000300002000000000000144
000500003000000000000089
000800005000000000000055
000800008000000000000034
000000001300000000000021
000000002100000000000013
000000083400000000000008
000000085500000000000005
000000058900000000000003
000000031440000000000002
000000022330000000000001
000000013770000000000001
000000016100000000000000
seq
delay=210000
000100000000000000000610
000100001000000000000377
000200001000000000000233
000300002000000000000144
000500003000000000000089
000800005000000000000055
000800008000000000000034
000000001300000000000021
000000002100000000000013
000000083400000000000008
000000085500000000000005
000000058900000000000003
000000031440000000000002
000000022330000000000001
000000013770000000000001
000000016100000000000000
L2
000100000000000000000610
000100001000000000000377
000200001000000000000233
000300002000000000000144
000500003000000000000089
000800005000000000000055
000800008000000000000034
000000001300000000000021
000000002100000000000013
000000083400000000000008
000000085500000000000005
000000058900000000000003
000000031440000000000002
000000022330000000000001
000000013770000000000001
000000016100000000000000
seq
delay=130000
000100000000000000000610
000100001000000000000377
000200001000000000000233
000300002000000000000144
000500003000000000000089
000800005000000000000055
000800008000000000000034
000000001300000000000021
000000002100000000000013
000000083400000000000008
000000085500000000000005
000000058900000000000003
000000031440000000000002
000000022330000000000001
000000013770000000000001
000000016100000000000000
L2
000100000000000000000610
000100001000000000000377
000200001000000000000233
000300002000000000000144
000500003000000000000089
000800005000000000000055
000800008000000000000034
000000001300000000000021
000000002100000000000013
000000083400000000000008
000000085500000000000005
000000058900000000000003
000000031440000000000002
000000022330000000000001
000000013770000000000001
000000016100000000000000
L3
000100000000000000000610
000100001000000000000377
000200001000000000000233
000300002000000000000144
000500003000000000000089
000800005000000000000055
000800008000000000000034
000000001300000000000021
000000002100000000000013
000000083400000000000008
000000085500000000000005
000000058900000000000003
000000031440000000000002
000000022330000000000001
000000013770000000000001
000000016100000000000000
seq
delay=80000
000100000000000000000610
000100001000000000000377
000200001000000000000233
000300002000000000000144
000500003000000000000089
000800005000000000000055
000800008000000000000034
000000001300000000000021
000000002100000000000013
000000083400000000000008
000000085500000000000005
000000058900000000000003
000000031440000000000002
000000022330000000000001
000000013770000000000001
000000016100000000000000
L2
000100000000000000000610
000100001000000000000377
000200001000000000000233
000300002000000000000144
000500003000000000000089
000800005000000000000055
000800008000000000000034
000000001300000000000021
000000002100000000000013
000000083400000000000008
000000085500000000000005
000000058900000000000003
000000031440000000000002
000000022330000000000001
000000013770000000000001
000000016100000000000000
L3
000100000000000000000610
000100001000000000000377
000200001000000000000233
000300002000000000000144
000500003000000000000089
000800005000000000000055
000800008000000000000034
000000001300000000000021
000000002100000000000013
000000083400000000000008
000000085500000000000005
000000058900000000000003
000000031440000000000002
000000022330000000000001
000000013770000000000001
000000016100000000000000
L4
000100000000000000000610
000100001000000000000377
000200001000000000000233
000300002000000000000144
000500003000000000000089
000800005000000000000055
000800008000000000000034
000000001300000000000021
000000002100000000000013
000000083400000000000008
000000085500000000000005
000000058900000000000003
000000031440000000000002
000000022330000000000001
000000013770000000000001
000000016100000000000000
L5
000100000000000000000610
000100001000000000000377
000200001000000000000233
000300002000000000000144
000500003000000000000089
000800005000000000000055
000800008000000000000034
000000001300000000000021
000000002100000000000013
000000083400000000000008
000000085500000000000005
000000058900000000000003
000000031440000000000002
000000022330000000000001
000000013770000000000001
000000016100000000000000
seq
delay=50000
000100000000000000000610
000100001000000000000377
000200001000000000000233
000300002000000000000144
000500003000000000000089
000800005000000000000055
000800008000000000000034
000000001300000000000021
000000002100000000000013
000000083400000000000008
000000085500000000000005
000000058900000000000003
000000031440000000000002
000000022330000000000001
000000013770000000000001
000000016100000000000000
L2
000100000000000000000610
000100001000000000000377
000200001000000000000233
000300002000000000000144
000500003000000000000089
000800005000000000000055
000800008000000000000034
000000001300000000000021
000000002100000000000013
000000083400000000000008
000000085500000000000005
000000058900000000000003
000000031440000000000002
000000022330000000000001
000000013770000000000001
000000016100000000000000
L3
000100000000000000000610
000100001000000000000377
000200001000000000000233
000300002000000000000144
000500003000000000000089
000800005000000000000055
000800008000000000000034
000000001300000000000021
000000002100000000000013
000000083400000000000008
000000085500000000000005
000000058900000000000003
000000031440000000000002
000000022330000000000001
000000013770000000000001
000000016100000000000000
L4
000100000000000000000610
000100001000000000000377
000200001000000000000233
000300002000000000000144
000500003000000000000089
000800005000000000000055
000800008000000000000034
000000001300000000000021
000000002100000000000013
000000083400000000000008
000000085500000000000005
000000058900000000000003
000000031440000000000002
000000022330000000000001
000000013770000000000001
000000016100000000000000
L5
000100000000000000000610
000100001000000000000377
000200001000000000000233
000300002000000000000144
000500003000000000000089
000800005000000000000055
000800008000000000000034
000000001300000000000021
000000002100000000000013
000000083400000000000008
000000085500000000000005
000000058900000000000003
000000031440000000000002
000000022330000000000001
000000013770000000000001
000000016100000000000000
L6
000100000000000000000610
000100001000000000000377
000200001000000000000233
000300002000000000000144
000500003000000000000089
000800005000000000000055
000800008000000000000034
000000001300000000000021
000000002100000000000013
000000083400000000000008
000000085500000000000005
000000058900000000000003
000000031440000000000002
000000022330000000000001
000000013770000000000001
000000016100000000000000
L7
000100000000000000000610
000100001000000000000377
000200001000000000000233
000300002000000000000144
000500003000000000000089
000800005000000000000055
000800008000000000000034
000000001300000000000021
000000002100000000000013
000000083400000000000008
000000085500000000000005
000000058900000000000003
000000031440000000000002
000000022330000000000001
000000013770000000000001
000000016100000000000000
L8
000100000000000000000610
000100001000000000000377
000200001000000000000233
000300002000000000000144
000500003000000000000089
000800005000000000000055
000800008000000000000034
000000001300000000000021
000000002100000000000013
000000083400000000000008
000000085500000000000005
000000058900000000000003
000000031440000000000002
000000022330000000000001
000000013770000000000001
000000016100000000000000
seq
delay=30000
000100000000000000000610
000100001000000000000377
000200001000000000000233
000300002000000000000144
000500003000000000000089
000800005000000000000055
000800008000000000000034
000000001300000000000021
000000002100000000000013
000000083400000000000008
000000085500000000000005
000000058900000000000003
000000031440000000000002
000000022330000000000001
000000013770000000000001
000000016100000000000000
L2
000100000000000000000610
000100001000000000000377
000200001000000000000233
000300002000000000000144
000500003000000000000089
000800005000000000000055
000800008000000000000034
000000001300000000000021
000000002100000000000013
000000083400000000000008
000000085500000000000005
000000058900000000000003
000000031440000000000002
000000022330000000000001
000000013770000000000001
000000016100000000000000
L3
000100000000000000000610
000100001000000000000377
000200001000000000000233
000300002000000000000144
000500003000000000000089
000800005000000000000055
000800008000000000000034
000000001300000000000021
000000002100000000000013
000000083400000000000008
000000085500000000000005
000000058900000000000003
000000031440000000000002
000000022330000000000001
000000013770000000000001
000000016100000000000000
L4
000100000000000000000610
000100001000000000000377
000200001000000000000233
000300002000000000000144
000500003000000000000089
000800005000000000000055
000800008000000000000034
000000001300000000000021
000000002100000000000013
000000083400000000000008
000000085500000000000005
000000058900000000000003
000000031440000000000002
000000022330000000000001
000000013770000000000001
000000016100000000000000
L5
000100000000000000000610
000100001000000000000377
000200001000000000000233
000300002000000000000144
000500003000000000000089
000800005000000000000055
000800008000000000000034
000000001300000000000021
000000002100000000000013
000000083400000000000008
000000085500000000000005
000000058900000000000003
000000031440000000000002
000000022330000000000001
000000013770000000000001
000000016100000000000000
L6
000100000000000000000610
000100001000000000000377
000200001000000000000233
000300002000000000000144
000500003000000000000089
000800005000000000000055
000800008000000000000034
000000001300000000000021
000000002100000000000013
000000083400000000000008
000000085500000000000005
000000058900000000000003
000000031440000000000002
000000022330000000000001
000000013770000000000001
000000016100000000000000
L7
000100000000000000000610
000100001000000000000377
000200001000000000000233
000300002000000000000144
000500003000000000000089
000800005000000000000055
000800008000000000000034
000000001300000000000021
000000002100000000000013
000000083400000000000008
000000085500000000000005
000000058900000000000003
000000031440000000000002
000000022330000000000001
000000013770000000000001
000000016100000000000000
L8
000100000000000000000610
000100001000000000000377
000200001000000000000233
000300002000000000000144
000500003000000000000089
000800005000000000000055
000800008000000000000034
000000001300000000000021
000000002100000000000013
000000083400000000000008
000000085500000000000005
000000058900000000000003
000000031440000000000002
000000022330000000000001
000000013770000000000001
000000016100000000000000
L9
000100000000000000000610
000100001000000000000377
000200001000000000000233
000300002000000000000144
000500003000000000000089
000800005000000000000055
000800008000000000000034
000000001300000000000021
000000002100000000000013
000000083400000000000008
000000085500000000000005
000000058900000000000003
000000031440000000000002
000000022330000000000001
000000013770000000000001
000000016100000000000000
L10
000100000000000000000610
000100001000000000000377
000200001000000000000233
000300002000000000000144
000500003000000000000089
000800005000000000000055
000800008000000000000034
000000001300000000000021
000000002100000000000013
000000083400000000000008
000000085500000000000005
000000058900000000000003
000000031440000000000002
000000022330000000000001
000000013770000000000001
000000016100000000000000
L11
000100000000000000000610
000100001000000000000377
000200001000000000000233
000300002000000000000144
000500003000000000000089
000800005000000000000055
000800008000000000000034
000000001300000000000021
000000002100000000000013
000000083400000000000008
000000085500000000000005
000000058900000000000003
000000031440000000000002
000000022330000000000001
000000013770000000000001
000000016100000000000000
L12
000100000000000000000610
000100001000000000000377
000200001000000000000233
000300002000000000000144
000500003000000000000089
000800005000000000000055
000800008000000000000034
000000001300000000000021
000000002100000000000013
000000083400000000000008
000000085500000000000005
000000058900000000000003
000000031440000000000002
000000022330000000000001
000000013770000000000001
000000016100000000000000
L13
000100000000000000000610
000100001000000000000377
000200001000000000000233
000300002000000000000144
000500003000000000000089
000800005000000000000055
000800008000000000000034
000000001300000000000021
000000002100000000000013
000000083400000000000008
000000085500000000000005
000000058900000000000003
000000031440000000000002
000000022330000000000001
000000013770000000000001
000000016100000000000000
seq
delay=10000
000100000000000000000610
000100001000000000000377
000200001000000000000233
000300002000000000000144
000500003000000000000089
000800005000000000000055
000800008000000000000034
000000001300000000000021
000000002100000000000013
000000083400000000000008
000000085500000000000005
000000058900000000000003
000000031440000000000002
000000022330000000000001
000000013770000000000001
000000016100000000000000
L2
000100000000000000000610
000100001000000000000377
000200001000000000000233
000300002000000000000144
000500003000000000000089
000800005000000000000055
000800008000000000000034
000000001300000000000021
000000002100000000000013
000000083400000000000008
000000085500000000000005
000000058900000000000003
000000031440000000000002
000000022330000000000001
000000013770000000000001
000000016100000000000000
L3
000100000000000000000610
000100001000000000000377
000200001000000000000233
000300002000000000000144
000500003000000000000089
000800005000000000000055
000800008000000000000034
000000001300000000000021
000000002100000000000013
000000083400000000000008
000000085500000000000005
000000058900000000000003
000000031440000000000002
000000022330000000000001
000000013770000000000001
000000016100000000000000
L4
000100000000000000000610
000100001000000000000377
000200001000000000000233
000300002000000000000144
000500003000000000000089
000800005000000000000055
000800008000000000000034
000000001300000000000021
000000002100000000000013
000000083400000000000008
000000085500000000000005
000000058900000000000003
000000031440000000000002
000000022330000000000001
000000013770000000000001
000000016100000000000000
L5
000100000000000000000610
000100001000000000000377
000200001000000000000233
000300002000000000000144
000500003000000000000089
000800005000000000000055
000800008000000000000034
000000001300000000000021
000000002100000000000013
000000083400000000000008
000000085500000000000005
000000058900000000000003
000000031440000000000002
000000022330000000000001
000000013770000000000001
000000016100000000000000
L6
000100000000000000000610
000100001000000000000377
000200001000000000000233
000300002000000000000144
000500003000000000000089
000800005000000000000055
000800008000000000000034
000000001300000000000021
000000002100000000000013
000000083400000000000008
000000085500000000000005
000000058900000000000003
000000031440000000000002
000000022330000000000001
000000013770000000000001
000000016100000000000000
L7
000100000000000000000610
000100001000000000000377
000200001000000000000233
000300002000000000000144
000500003000000000000089
000800005000000000000055
000800008000000000000034
000000001300000000000021
000000002100000000000013
000000083400000000000008
000000085500000000000005
000000058900000000000003
000000031440000000000002
000000022330000000000001
000000013770000000000001
000000016100000000000000
L8
000100000000000000000610
000100001000000000000377
000200001000000000000233
000300002000000000000144
000500003000000000000089
000800005000000000000055
000800008000000000000034
000000001300000000000021
000000002100000000000013
000000083400000000000008
000000085500000000000005
000000058900000000000003
000000031440000000000002
000000022330000000000001
000000013770000000000001
000000016100000000000000
L9
000100000000000000000610
000100001000000000000377
000200001000000000000233
000300002000000000000144
000500003000000000000089
000800005000000000000055
000800008000000000000034
000000001300000000000021
000000002100000000000013
000000083400000000000008
000000085500000000000005
000000058900000000000003
000000031440000000000002
000000022330000000000001
000000013770000000000001
000000016100000000000000
L10
000100000000000000000610
000100001000000000000377
000200001000000000000233
000300002000000000000144
000500003000000000000089
000800005000000000000055
000800008000000000000034
000000001300000000000021
000000002100000000000013
000000083400000000000008
000000085500000000000005
000000058900000000000003
000000031440000000000002
000000022330000000000001
000000013770000000000001
000000016100000000000000
L11
000100000000000000000610
000100001000000000000377
000200001000000000000233
000300002000000000000144
000500003000000000000089
000800005000000000000055
000800008000000000000034
000000001300000000000021
000000002100000000000013
000000083400000000000008
000000085500000000000005
000000058900000000000003
000000031440000000000002
000000022330000000000001
000000013770000000000001
000000016100000000000000
L12
000100000000000000000610
000100001000000000000377
000200001000000000000233
000300002000000000000144
000500003000000000000089
000800005000000000000055
000800008000000000000034
000000001300000000000021
000000002100000000000013
000000083400000000000008
000000085500000000000005
000000058900000000000003
000000031440000000000002
000000022330000000000001
000000013770000000000001
000000016100000000000000
L13
000100000000000000000610
000100001000000000000377
000200001000000000000233
000300002000000000000144
000500003000000000000089
000800005000000000000055
000800008000000000000034
000000001300000000000021
000000002100000000000013
000000083400000000000008
000000085500000000000005
000000058900000000000003
000000031440000000000002
000000022330000000000001
000000013770000000000001
000000016100000000000000
L14
000100000000000000000610
000100001000000000000377
000200001000000000000233
000300002000000000000144
000500003000000000000089
000800005000000000000055
000800008000000000000034
000000001300000000000021
000000002100000000000013
000000083400000000000008
000000085500000000000005
000000058900000000000003
000000031440000000000002
000000022330000000000001
000000013770000000000001
000000016100000000000000
L15
000100000000000000000610
000100001000000000000377
000200001000000000000233
000300002000000000000144
000500003000000000000089
000800005000000000000055
000800008000000000000034
000000001300000000000021
000000002100000000000013
000000083400000000000008
000000085500000000000005
000000058900000000000003
000000031440000000000002
000000022330000000000001
000000013770000000000001
000000016100000000000000
L16
000100000000000000000610
000100001000000000000377
000200001000000000000233
000300002000000000000144
000500003000000000000089
000800005000000000000055
000800008000000000000034
000000001300000000000021
000000002100000000000013
000000083400000000000008
000000085500000000000005
000000058900000000000003
000000031440000000000002
000000022330000000000001
000000013770000000000001
000000016100000000000000
L17
000100000000000000000610
000100001000000000000377
000200001000000000000233
000300002000000000000144
000500003000000000000089
000800005000000000000055
000800008000000000000034
000000001300000000000021
000000002100000000000013
000000083400000000000008
000000085500000000000005
000000058900000000000003
000000031440000000000002
000000022330000000000001
000000013770000000000001
000000016100000000000000
L18
000100000000000000000610
000100001000000000000377
000200001000000000000233
000300002000000000000144
000500003000000000000089
000800005000000000000055
000800008000000000000034
000000001300000000000021
000000002100000000000013
000000083400000000000008
000000085500000000000005
000000058900000000000003
000000031440000000000002
000000022330000000000001
000000013770000000000001
000000016100000000000000
L19
000100000000000000000610
000100001000000000000377
000200001000000000000233
000300002000000000000144
000500003000000000000089
000800005000000000000055
000800008000000000000034
000000001300000000000021
000000002100000000000013
000000083400000000000008
000000085500000000000005
000000058900000000000003
000000031440000000000002
000000022330000000000001
000000013770000000000001
000000016100000000000000
L20
000100000000000000000610
000100001000000000000377
000200001000000000000233
000300002000000000000144
000500003000000000000089
000800005000000000000055
000800008000000000000034
000000001300000000000021
000000002100000000000013
000000083400000000000008
000000085500000000000005
000000058900000000000003
000000031440000000000002
000000022330000000000001
000000013770000000000001
000000016100000000000000
L21
000100000000000000000610
000100001000000000000377
000200001000000000000233
000300002000000000000144
000500003000000000000089
000800005000000000000055
000800008000000000000034
000000001300000000000021
000000002100000000000013
000000083400000000000008
000000085500000000000005
000000058900000000000003
000000031440000000000002
000000022330000000000001
000000013770000000000001
000000016100000000000000
seq
delay=10000
000100000000000000000610
000100001000000000000377
000200001000000000000233
000300002000000000000144
000500003000000000000089
000800005000000000000055
000800008000000000000034
000000001300000000000021
000000002100000000000013
000000083400000000000008
000000085500000000000005
000000058900000000000003
000000031440000000000002
000000022330000000000001
000000013770000000000001
000000016100000000000000
L2
000100000000000000000610
000100001000000000000377
000200001000000000000233
000300002000000000000144
000500003000000000000089
000800005000000000000055
000800008000000000000034
000000001300000000000021
000000002100000000000013
000000083400000000000008
000000085500000000000005
000000058900000000000003
000000031440000000000002
000000022330000000000001
000000013770000000000001
000000016100000000000000
L3
000100000000000000000610
000100001000000000000377
000200001000000000000233
000300002000000000000144
000500003000000000000089
000800005000000000000055
000800008000000000000034
000000001300000000000021
000000002100000000000013
000000083400000000000008
000000085500000000000005
000000058900000000000003
000000031440000000000002
000000022330000000000001
000000013770000000000001
000000016100000000000000
L4
000100000000000000000610
000100001000000000000377
000200001000000000000233
000300002000000000000144
000500003000000000000089
000800005000000000000055
000800008000000000000034
000000001300000000000021
000000002100000000000013
000000083400000000000008
000000085500000000000005
000000058900000000000003
000000031440000000000002
000000022330000000000001
000000013770000000000001
000000016100000000000000
L5
000100000000000000000610
000100001000000000000377
000200001000000000000233
000300002000000000000144
000500003000000000000089
000800005000000000000055
000800008000000000000034
000000001300000000000021
000000002100000000000013
000000083400000000000008
000000085500000000000005
000000058900000000000003
000000031440000000000002
000000022330000000000001
000000013770000000000001
000000016100000000000000
L6
000100000000000000000610
000100001000000000000377
000200001000000000000233
000300002000000000000144
000500003000000000000089
000800005000000000000055
000800008000000000000034
000000001300000000000021
000000002100000000000013
000000083400000000000008
000000085500000000000005
000000058900000000000003
000000031440000000000002
000000022330000000000001
000000013770000000000001
000000016100000000000000
L7
000100000000000000000610
000100001000000000000377
000200001000000000000233
000300002000000000000144
000500003000000000000089
000800005000000000000055
000800008000000000000034
000000001300000000000021
000000002100000000000013
000000083400000000000008
000000085500000000000005
000000058900000000000003
000000031440000000000002
000000022330000000000001
000000013770000000000001
000000016100000000000000
L8
000100000000000000000610
000100001000000000000377
000200001000000000000233
000300002000000000000144
000500003000000000000089
000800005000000000000055
000800008000000000000034
000000001300000000000021
000000002100000000000013
000000083400000000000008
000000085500000000000005
000000058900000000000003
000000031440000000000002
000000022330000000000001
000000013770000000000001
000000016100000000000000
L9
000100000000000000000610
000100001000000000000377
000200001000000000000233
000300002000000000000144
000500003000000000000089
000800005000000000000055
000800008000000000000034
000000001300000000000021
000000002100000000000013
000000083400000000000008
000000085500000000000005
000000058900000000000003
000000031440000000000002
000000022330000000000001
000000013770000000000001
000000016100000000000000
L10
000100000000000000000610
000100001000000000000377
000200001000000000000233
000300002000000000000144
000500003000000000000089
000800005000000000000055
000800008000000000000034
000000001300000000000021
000000002100000000000013
000000083400000000000008
000000085500000000000005
000000058900000000000003
000000031440000000000002
000000022330000000000001
000000013770000000000001
000000016100000000000000
L11
000100000000000000000610
000100001000000000000377
000200001000000000000233
000300002000000000000144
000500003000000000000089
000800005000000000000055
000800008000000000000034
000000001300000000000021
000000002100000000000013
000000083400000000000008
000000085500000000000005
000000058900000000000003
000000031440000000000002
000000022330000000000001
000000013770000000000001
000000016100000000000000
L12
000100000000000000000610
000100001000000000000377
000200001000000000000233
000300002000000000000144
000500003000000000000089
000800005000000000000055
000800008000000000000034
000000001300000000000021
000000002100000000000013
000000083400000000000008
000000085500000000000005
000000058900000000000003
000000031440000000000002
000000022330000000000001
000000013770000000000001
000000016100000000000000
L13
000100000000000000000610
000100001000000000000377
000200001000000000000233
000300002000000000000144
000500003000000000000089
000800005000000000000055
000800008000000000000034
000000001300000000000021
000000002100000000000013
000000083400000000000008
000000085500000000000005
000000058900000000000003
000000031440000000000002
000000022330000000000001
000000013770000000000001
000000016100000000000000
L14
000100000000000000000610
000100001000000000000377
000200001000000000000233
000300002000000000000144
000500003000000000000089
000800005000000000000055
000800008000000000000034
000000001300000000000021
000000002100000000000013
000000083400000000000008
000000085500000000000005
000000058900000000000003
000000031440000000000002
000000022330000000000001
000000013770000000000001
000000016100000000000000
L15
000100000000000000000610
000100001000000000000377
000200001000000000000233
000300002000000000000144
000500003000000000000089
000800005000000000000055
000800008000000000000034
000000001300000000000021
000000002100000000000013
000000083400000000000008
000000085500000000000005
000000058900000000000003
000000031440000000000002
000000022330000000000001
000000013770000000000001
000000016100000000000000
L16
000100000000000000000610
000100001000000000000377
000200001000000000000233
000300002000000000000144
000500003000000000000089
000800005000000000000055
000800008000000000000034
000000001300000000000021
000000002100000000000013
000000083400000000000008
000000085500000000000005
000000058900000000000003
000000031440000000000002
000000022330000000000001
000000013770000000000001
000000016100000000000000
L17
000100000000000000000610
000100001000000000000377
000200001000000000000233
000300002000000000000144
000500003000000000000089
000800005000000000000055
000800008000000000000034
000000001300000000000021
000000002100000000000013
000000083400000000000008
000000085500000000000005
000000058900000000000003
000000031440000000000002
000000022330000000000001
000000013770000000000001
000000016100000000000000
L18
000100000000000000000610
000100001000000000000377
000200001000000000000233
000300002000000000000144
000500003000000000000089
000800005000000000000055
000800008000000000000034
000000001300000000000021
000000002100000000000013
000000083400000000000008
000000085500000000000005
000000058900000000000003
000000031440000000000002
000000022330000000000001
000000013770000000000001
000000016100000000000000
L19
000100000000000000000610
000100001000000000000377
000200001000000000000233
000300002000000000000144
000500003000000000000089
000800005000000000000055
000800008000000000000034
000000001300000000000021
000000002100000000000013
000000083400000000000008
000000085500000000000005
000000058900000000000003
000000031440000000000002
000000022330000000000001
000000013770000000000001
000000016100000000000000
L20
000100000000000000000610
000100001000000000000377
000200001000000000000233
000300002000000000000144
000500003000000000000089
000800005000000000000055
000800008000000000000034
000000001300000000000021
000000002100000000000013
000000083400000000000008
000000085500000000000005
000000058900000000000003
000000031440000000000002
000000022330000000000001
000000013770000000000001
000000016100000000000000
L21
000100000000000000000610
000100001000000000000377
000200001000000000000233
000300002000000000000144
000500003000000000000089
000800005000000000000055
000800008000000000000034
000000001300000000000021
000000002100000000000013
000000083400000000000008
000000085500000000000005
000000058900000000000003
000000031440000000000002
000000022330000000000001
000000013770000000000001
000000016100000000000000
L22
000100000000000000000610
000100001000000000000377
000200001000000000000233
000300002000000000000144
000500003000000000000089
000800005000000000000055
000800008000000000000034
000000001300000000000021
000000002100000000000013
000000083400000000000008
000000085500000000000005
000000058900000000000003
000000031440000000000002
000000022330000000000001
000000013770000000000001
000000016100000000000000
L23
000100000000000000000610
000100001000000000000377
000200001000000000000233
000300002000000000000144
000500003000000000000089
000800005000000000000055
000800008000000000000034
000000001300000000000021
000000002100000000000013
000000083400000000000008
000000085500000000000005
000000058900000000000003
000000031440000000000002
000000022330000000000001
000000013770000000000001
000000016100000000000000
L24
000100000000000000000610
000100001000000000000377
000200001000000000000233
000300002000000000000144
000500003000000000000089
000800005000000000000055
000800008000000000000034
000000001300000000000021
000000002100000000000013
000000083400000000000008
000000085500000000000005
000000058900000000000003
000000031440000000000002
000000022330000000000001
000000013770000000000001
000000016100000000000000
L25
000100000000000000000610
000100001000000000000377
000200001000000000000233
000300002000000000000144
000500003000000000000089
000800005000000000000055
000800008000000000000034
000000001300000000000021
000000002100000000000013
000000083400000000000008
000000085500000000000005
000000058900000000000003
000000031440000000000002
000000022330000000000001
000000013770000000000001
000000016100000000000000
L26
000100000000000000000610
000100001000000000000377
000200001000000000000233
000300002000000000000144
000500003000000000000089
000800005000000000000055
000800008000000000000034
000000001300000000000021
000000002100000000000013
000000083400000000000008
000000085500000000000005
000000058900000000000003
000000031440000000000002
000000022330000000000001
000000013770000000000001
000000016100000000000000
L27
000100000000000000000610
000100001000000000000377
000200001000000000000233
000300002000000000000144
000500003000000000000089
000800005000000000000055
000800008000000000000034
000000001300000000000021
000000002100000000000013
000000083400000000000008
000000085500000000000005
000000058900000000000003
000000031440000000000002
000000022330000000000001
000000013770000000000001
000000016100000000000000
L28
000100000000000000000610
000100001000000000000377
000200001000000000000233
000300002000000000000144
000500003000000000000089
000800005000000000000055
000800008000000000000034
000000001300000000000021
000000002100000000000013
000000083400000000000008
000000085500000000000005
000000058900000000000003
000000031440000000000002
000000022330000000000001
000000013770000000000001
000000016100000000000000
L29
000100000000000000000610
000100001000000000000377
000200001000000000000233
000300002000000000000144
000500003000000000000089
000800005000000000000055
000800008000000000000034
000000001300000000000021
000000002100000000000013
000000083400000000000008
000000085500000000000005
000000058900000000000003
000000031440000000000002
000000022330000000000001
000000013770000000000001
000000016100000000000000
L30
000100000000000000000610
000100001000000000000377
000200001000000000000233
000300002000000000000144
000500003000000000000089
000800005000000000000055
000800008000000000000034
000000001300000000000021
000000002100000000000013
000000083400000000000008
000000085500000000000005
000000058900000000000003
000000031440000000000002
000000022330000000000001
000000013770000000000001
000000016100000000000000
L31
000100000000000000000610
000100001000000000000377
000200001000000000000233
000300002000000000000144
000500003000000000000089
000800005000000000000055
000800008000000000000034
000000001300000000000021
000000002100000000000013
000000083400000000000008
000000085500000000000005
000000058900000000000003
000000031440000000000002
000000022330000000000001
000000013770000000000001
000000016100000000000000
L32
000100000000000000000610
000100001000000000000377
000200001000000000000233
000300002000000000000144
000500003000000000000089
000800005000000000000055
000800008000000000000034
000000001300000000000021
000000002100000000000013
000000083400000000000008
000000085500000000000005
000000058900000000000003
000000031440000000000002
000000022330000000000001
000000013770000000000001
000000016100000000000000
L33
000100000000000000000610
000100001000000000000377
000200001000000000000233
000300002000000000000144
000500003000000000000089
000800005000000000000055
000800008000000000000034
000000001300000000000021
000000002100000000000013
000000083400000000000008
000000085500000000000005
000000058900000000000003
000000031440000000000002
000000022330000000000001
000000013770000000000001
000000016100000000000000
L34
000100000000000000000610
000100001000000000000377
000200001000000000000233
000300002000000000000144
000500003000000000000089
000800005000000000000055
000800008000000000000034
000000001300000000000021
000000002100000000000013
000000083400000000000008
000000085500000000000005
000000058900000000000003
000000031440000000000002
000000022330000000000001
000000013770000000000001
000000016100000000000000
seqblank
delay=10000
000000000000000000000000
L2
000000000000000000000000
L3
000000000000000000000000
L4
000000000000000000000000
L5
000000000000000000000000
L6
000000000000000000000000
L7
000000000000000000000000
L8
000000000000000000000000
L9
000000000000000000000000
L10
000000000000000000000000
L11
000000000000000000000000
L12
000000000000000000000000
L13
000000000000000000000000
L14
000000000000000000000000
L15
000000000000000000000000
L16
000000000000000000000000
L17
000000000000000000000000
L18
000000000000000000000000
L19
000000000000000000000000
L20
000000000000000000000000
L21
000000000000000000000000
L22
000000000000000000000000
L23
000000000000000000000000
L24
000000000000000000000000
L25
000000000000000000000000
L26
000000000000000000000000
L27
000000000000000000000000
L28
000000000000000000000000
L29
000000000000000000000000
L30
000000000000000000000000
L31
000000000000000000000000
L32
000000000000000000000000
L33
000000000000000000000000
L34
000000000000000000000000
seq
delay=890000
000100000000610000000610
000100001000377010000377
000200001000233010000233
000300002000144020000144
000500003000089030000089
000800005000055050000055
000800008000034080000034
000000001300021013000021
000000002100013021000013
000000083400008034000008
000000085500005055000005
000000058900003089000003
000000031440002014400002
000000022330001023500001
000000013770001037700001
000000016100000061000000
seq
610100000000610000000610
377100001000377010000377
233200001000233010000233
144300002000144020000144
089500003000089030000089
055800005000055050000055
034800008000034080000034
021000001300021013000021
013000002100013021000013
008000083400008034000008
005000085500005055000005
003000058900003089000003
002000031440002014400002
001000022330001023500001
001000013770001037700001
000000016100000061000000
seq
610100000000610000000000
377100001000377010000000
233200001000233010000000
144300002000144020000000
089500003000089030000000
055800005000055050000000
034800008000034080000000
021000001300021013000000
013000002100013021000000
008000083400008034000000
005000085500005055000000
003000058900003089000000
002000031440002014400000
001000022330001023500000
001000013770001037700000
000000016100000061000000
L2
610100000000610000000000
377100001000377010000000
233200001000233010000000
144300002000144020000000
089500003000089030000000
055800005000055050000000
034800008000034080000000
021000001300021013000000
013000002100013021000000
008000083400008034000000
005000085500005055000000
003000058900003089000000
002000031440002014400000
001000022330001023500000
001000013770001037700000
000000016100000061000000
seq
610100000000610000000000
377100001000377000000000
233200001000233000000000
144300002000144000000000
089500003000089000000000
055800005000055000000000
034800008000034000000000
021000001300021000000000
013000002100013000000000
008000083400008000000000
005000085500005000000000
003000058900003000000000
002000031440002000000000
001000022330001000000000
001000013770001000000000
000000016100000000000000
L2
610100000000610000000000
377100001000377000000000
233200001000233000000000
144300002000144000000000
089500003000089000000000
055800005000055000000000
034800008000034000000000
021000001300021000000000
013000002100013000000000
008000083400008000000000
005000085500005000000000
003000058900003000000000
002000031440002000000000
001000022330001000000000
001000013770001000000000
000000016100000000000000
L3
610100000000610000000000
377100001000377000000000
233200001000233000000000
144300002000144000000000
089500003000089000000000
055800005000055000000000
034800008000034000000000
021000001300021000000000
013000002100013000000000
008000083400008000000000
005000085500005000000000
003000058900003000000000
002000031440002000000000
001000022330001000000000
001000013770001000000000
000000016100000000000000
seqpart2-2
delay=890000
610100000000610000000000
377100001000377000000000
233200001000233000000000
144300002000144000000000
089500003000089000000000
055800005000055000000000
034800008000034000000000
021000001300021000000000
013000002100013000000000
008000083400008000000000
005000085500005000000000
003000058900003000000000
002000031440002000000000
001000022330001000000000
001000013770001000000000
000000016100000000000000
L2
610100000000610000000000
377100001000377000000000
233200001000233000000000
144300002000144000000000
089500003000089000000000
055800005000055000000000
034800008000034000000000
021000001300021000000000
013000002100013000000000
008000083400008000000000
005000085500005000000000
003000058900003000000000
002000031440002000000000
001000022330001000000000
001000013770001000000000
000000016100000000000000
L3
610100000000610000000000
377100001000377000000000
233200001000233000000000
144300002000144000000000
089500003000089000000000
055800005000055000000000
034800008000034000000000
021000001300021000000000
013000002100013000000000
008000083400008000000000
005000085500005000000000
003000058900003000000000
002000031440002000000000
001000022330001000000000
001000013770001000000000
000000016100000000000000
seq
000000000000000000000000
000000016100000000000000
L2
000000000000000000000000
000000016100000000000000
L3
000000000000000000000000
000000016100000000000000
seq
delay=550000
000000000000000000000000
000000016100000000000000
L2
000000000000000000000000
000000016100000000000000
L3
000000000000000000000000
000000016100000000000000
L4
000000000000000000000000
000000016100000000000000
L5
000000000000000000000000
000000016100000000000000
seq
delay=340000
000000000000000000000000
000000016100000000000000
L2
000000000000000000000000
000000016100000000000000
L3
000000000000000000000000
000000016100000000000000
L4
000000000000000000000000
000000016100000000000000
L5
000000000000000000000000
000000016100000000000000
L6
000000000000000000000000
000000016100000000000000
L7
000000000000000000000000
000000016100000000000000
L8
000000000000000000000000
000000016100000000000000
seq
delay=210000
000000000000000000000000
000000016100000000000000
L2
000000000000000000000000
000000016100000000000000
L3
000000000000000000000000
000000016100000000000000
L4
000000000000000000000000
000000016100000000000000
L5
000000000000000000000000
000000016100000000000000
L6
000000000000000000000000
000000016100000000000000
L7
000000000000000000000000
000000016100000000000000
L8
000000000000000000000000
000000016100000000000000
L9
000000000000000000000000
000000016100000000000000
L10
000000000000000000000000
000000016100000000000000
L11
000000000000000000000000
000000016100000000000000
L12
000000000000000000000000
000000016100000000000000
L13
000000000000000000000000
000000016100000000000000
seq
delay=130000
000000000000000000000000
000000016100000000000000
L2
000000000000000000000000
000000016100000000000000
L3
000000000000000000000000
000000016100000000000000
L4
000000000000000000000000
000000016100000000000000
L5
000000000000000000000000
000000016100000000000000
L6
000000000000000000000000
000000016100000000000000
L7
000000000000000000000000
000000016100000000000000
L8
000000000000000000000000
000000016100000000000000
L9
000000000000000000000000
000000016100000000000000
L10
000000000000000000000000
000000016100000000000000
L11
000000000000000000000000
000000016100000000000000
L12
000000000000000000000000
000000016100000000000000
L13
000000000000000000000000
000000016100000000000000
L14
000000000000000000000000
000000016100000000000000
L15
000000000000000000000000
000000016100000000000000
L16
000000000000000000000000
000000016100000000000000
L17
000000000000000000000000
000000016100000000000000
L18
000000000000000000000000
000000016100000000000000
L19
000000000000000000000000
000000016100000000000000
L20
000000000000000000000000
000000016100000000000000
L21
000000000000000000000000
000000016100000000000000
seq
delay=080000
000000000000000000000000
000000016100000000000000
L2
000000000000000000000000
000000016100000000000000
L3
000000000000000000000000
000000016100000000000000
L4
000000000000000000000000
000000016100000000000000
L5
000000000000000000000000
000000016100000000000000
L6
000000000000000000000000
000000016100000000000000
L7
000000000000000000000000
000000016100000000000000
L8
000000000000000000000000
000000016100000000000000
L9
000000000000000000000000
000000016100000000000000
L10
000000000000000000000000
000000016100000000000000
L11
000000000000000000000000
000000016100000000000000
L12
000000000000000000000000
000000016100000000000000
L13
000000000000000000000000
000000016100000000000000
L14
000000000000000000000000
000000016100000000000000
L15
000000000000000000000000
000000016100000000000000
L16
000000000000000000000000
000000016100000000000000
L17
000000000000000000000000
000000016100000000000000
L18
000000000000000000000000
000000016100000000000000
L19
000000000000000000000000
000000016100000000000000
L20
000000000000000000000000
000000016100000000000000
L21
000000000000000000000000
000000016100000000000000
L22
000000000000000000000000
000000016100000000000000
L23
000000000000000000000000
000000016100000000000000
L24
000000000000000000000000
000000016100000000000000
L25
000000000000000000000000
000000016100000000000000
L26
000000000000000000000000
000000016100000000000000
L27
000000000000000000000000
000000016100000000000000
L28
000000000000000000000000
000000016100000000000000
L29
000000000000000000000000
000000016100000000000000
L30
000000000000000000000000
000000016100000000000000
L31
000000000000000000000000
000000016100000000000000
L32
000000000000000000000000
000000016100000000000000
L33
000000000000000000000000
000000016100000000000000
L34
000000000000000000000000
000000016100000000000000
seqPart3Test
delay=100000
900000000000000000000000
9000000000000000
0000000000000000
0000000000000000
0090000000000000
0090000000000000
0000000000000000
0000000000000000
0000900000000000
0000900000000000
0000000000000000
0000000000000000
0000009000000000
0000009000000000
0000000000000000
0000000000000000
L2
900000000000000000000000
9000000000000000
0000000000000000
0000000000000000
0090000000000000
0090000000000000
0000000000000000
0000000000000000
0000900000000000
0000900000000000
0000000000000000
0000000000000000
0000009000000000
0000009000000000
0000000000000000
0000000000000000
L3
900000000000000000000000
9000000000000000
0000000000000000
0000000000000000
0090000000000000
0090000000000000
0000000000000000
0000000000000000
0000900000000000
0000900000000000
0000000000000000
0000000000000000
0000009000000000
0000009000000000
0000000000000000
0000000000000000
L4
900000000000000000000000
9000000000000000
0000000000000000
0000000000000000
0090000000000000
0090000000000000
0000000000000000
0000000000000000
0000900000000000
0000900000000000
0000000000000000
0000000000000000
0000009000000000
0000009000000000
0000000000000000
0000000000000000
L5
900000000000000000000000
9000000000000000
0000000000000000
0000000000000000
0090000000000000
0090000000000000
0000000000000000
0000000000000000
0000900000000000
0000900000000000
0000000000000000
0000000000000000
0000009000000000
0000009000000000
0000000000000000
0000000000000000
L6
900000000000000000000000
9000000000000000
0000000000000000
0000000000000000
0090000000000000
0090000000000000
0000000000000000
0000000000000000
0000900000000000
0000900000000000
0000000000000000
0000000000000000
0000009000000000
0000009000000000
0000000000000000
0000000000000000
L7
900000000000000000000000
9000000000000000
0000000000000000
0000000000000000
0090000000000000
0090000000000000
0000000000000000
0000000000000000
0000900000000000
0000900000000000
0000000000000000
0000000000000000
0000009000000000
0000009000000000
0000000000000000
0000000000000000
seq2
900000000000900000000000
9000000000009000
0000000000000000
0000000000000000
0090000000000090
0090000000000090
0000000000000000
0000000000000000
0000900090000000
0000900090000000
0000000000000000
0000000000000000
0000009000900000
0000009000900000
0000000000000000
0000000000000000
L2
900000000000900000000000
9000000000009000
0000000000000000
0000000000000000
0090000000000090
0090000000000090
0000000000000000
0000000000000000
0000900090000000
0000900090000000
0000000000000000
0000000000000000
0000009000900000
0000009000900000
0000000000000000
0000000000000000
L3
900000000000900000000000
9000000000009000
0000000000000000
0000000000000000
0090000000000090
0090000000000090
0000000000000000
0000000000000000
0000900090000000
0000900090000000
0000000000000000
0000000000000000
0000009000900000
0000009000900000
0000000000000000
0000000000000000
L4
900000000000900000000000
9000000000009000
0000000000000000
0000000000000000
0090000000000090
0090000000000090
0000000000000000
0000000000000000
0000900090000000
0000900090000000
0000000000000000
0000000000000000
0000009000900000
0000009000900000
0000000000000000
0000000000000000
L5
900000000000900000000000
9000000000009000
0000000000000000
0000000000000000
0090000000000090
0090000000000090
0000000000000000
0000000000000000
0000900090000000
0000900090000000
0000000000000000
0000000000000000
0000009000900000
0000009000900000
0000000000000000
0000000000000000
seq3
900000000000900000000000
9000000000009000
0900000000000000
0900000000000000
0090000000000090
0090000000000090
0009000000000000
0009000000000000
0000900090000000
0000900090000000
0000090000000000
0000090000000000
0000009000900000
0000009000900000
0000000900000000
0000000900000000
L2
900000000000900000000000
9000000000009000
0900000000000000
0900000000000000
0090000000000090
0090000000000090
0009000000000000
0009000000000000
0000900090000000
0000900090000000
0000090000000000
0000090000000000
0000009000900000
0000009000900000
0000000900000000
0000000900000000
L3
900000000000900000000000
9000000000009000
0900000000000000
0900000000000000
0090000000000090
0090000000000090
0009000000000000
0009000000000000
0000900090000000
0000900090000000
0000090000000000
0000090000000000
0000009000900000
0000009000900000
0000000900000000
0000000900000000
L4
900000000000900000000000
9000000000009000
0900000000000000
0900000000000000
0090000000000090
0090000000000090
0009000000000000
0009000000000000
0000900090000000
0000900090000000
0000090000000000
0000090000000000
0000009000900000
0000009000900000
0000000900000000
0000000900000000
seq4
900000000000900000000000
9000000000009000
0900000000000900
0900000000000900
0090000000000090
0090000000000090
0009000000000009
0009000000000009
0000900090000000
0000900090000000
0000090009000000
0000090009000000
0000009000900000
0000009000900000
0000000900090000
0000000900090000
L2
900000000000900000000000
9000000000009000
0900000000000900
0900000000000900
0090000000000090
0090000000000090
0009000000000009
0009000000000009
0000900090000000
0000900090000000
0000090009000000
0000090009000000
0000009000900000
0000009000900000
0000000900090000
0000000900090000
L3
900000000000900000000000
9000000000009000
0900000000000900
0900000000000900
0090000000000090
0090000000000090
0009000000000009
0009000000000009
0000900090000000
0000900090000000
0000090009000000
0000090009000000
0000009000900000
0000009000900000
0000000900090000
0000000900090000
seq5
900000000000900010000005
9000000000009000
0900000000000900
0900000000000900
0090000000000090
0090000000000090
0009000000000009
000900000000000950000001
0000900090000000
0000900090000000
0000090009000000
0000090009000000
0000009000900000
0000009000900000
0000000900090000
000000090009000010000005
L2
900000000000900010000005
9000000000009000
0900000000000900
0900000000000900
0090000000000090
0090000000000090
0009000000000009
000900000000000950000001
0000900090000000
0000900090000000
0000090009000000
0000090009000000
0000009000900000
0000009000900000
0000000900090000
000000090009000010000005
L3
900000000000900010000005
9000000000009000
0900000000000900
0900000000000900
0090000000000090
0090000000000090
0009000000000009
000900000000000950000001
0000900090000000
0000900090000000
0000090009000000
0000090009000000
0000009000900000
0000009000900000
0000000900090000
000000090009000010000005
seq6
900000000000900015151515
9000000000009000
0900000000000900
0900000000000900
0090000000000090
0090000000000090
0009000000000009
000900000000000951515151
0000900090000000
0000900090000000
0000090009000000
0000090009000000
0000009000900000
0000009000900000
0000000900090000
000000090009000015151515
L2
900000000000900015151515
9000000000009000
0900000000000900
0900000000000900
0090000000000090
0090000000000090
0009000000000009
000900000000000951515151
0000900090000000
0000900090000000
0000090009000000
0000090009000000
0000009000900000
0000009000900000
0000000900090000
000000090009000015151515
L3
900000000000900015151515
9000000000009000
0900000000000900
0900000000000900
0090000000000090
0090000000000090
0009000000000009
000900000000000951515151
0000900090000000
0000900090000000
0000090009000000
0000090009000000
0000009000900000
0000009000900000
0000000900090000
000000090009000015151515
seq7
900000000000900015151515
9000000000000900
0900000000000090
0900000000000009
0090000090000000
0090000009000000
0009000000900000
000900000009000051515151
0000900000009000
0000900000000900
0000090000000090
0000090000000009
0000009090000000
0000009009000000
0000000900900000
000000090009000015151515
L2
900000000000900015151515
9000000000000900
0900000000000090
0900000000000009
0090000090000000
0090000009000000
0009000000900000
000900000009000051515151
0000900000009000
0000900000000900
0000090000000090
0000090000000009
0000009090000000
0000009009000000
0000000900900000
000000090009000015151515
seq8
delay=100000
900000000000900015151515
0900000000000900
0090000000000090
0009000000000009
0000900090000000
0000090009000000
0000009000900000
000000090009000051515151
L2
900000000000900015151515
0900000000000900
0090000000000090
0009000000000009
0000900090000000
0000090009000000
0000009000900000
000000090009000051515151
L3
900000000000900015151515
0900000000000900
0090000000000090
0009000000000009
0000900090000000
0000090009000000
0000009000900000
000000090009000051515151
seq8
delay=50000
900000000000900015151515
0900000000000900
0090000000000090
0009000000000009
0000900090000000
0000090009000000
0000009000900000
000000090009000051515151
L2
900000000000900015151515
0900000000000900
0090000000000090
0009000000000009
0000900090000000
0000090009000000
0000009000900000
000000090009000051515151
L3
900000000000900015151515
0900000000000900
0090000000000090
0009000000000009
0000900090000000
0000090009000000
0000009000900000
000000090009000051515151
L4
900000000000900015151515
0900000000000900
0090000000000090
0009000000000009
0000900090000000
0000090009000000
0000009000900000
000000090009000051515151
seqdelay
delay=100000
000000000000000000000000
L2
000000000000000000000000
L3
000000000000000000000000
L4
000000000000000000000000
seqelevencrazything
delay=080000
100000010000000000000000
0100001000000000
0010010000000000
0001100000000000
1001100100000000
0101101000000000
0011110000000000
0002200000000000
0002200000000000
1002200100000000
0102201000000000
0012210000000000
0009900000000000
1009900100000000
0109901000000000
0019910000000000
0009900000000000
0099990000000000
0999999000000000
9999999900000000
9992299900000000
9921129900000000
9210012900000000
2100001200000000
1000000100000000
0000000000000000
seqtwelveroundbuzz
delay=020000
900000000000000000000000
0900000000000000
0090000000000000
0009000000000000
0000900000000000
0000090000000000
0000009000000000
0000000900000000
9000000000000000
2900000000000000
1290000000000000
0129000000000000
seqdelay
delay=100000
000000000000000000000000
L2
000000000000000000000000
L3
000000000000000000000000
L4
000000000000000000000000
L5
000000000000000000000000
L6
000000000000000000000000
L7
000000000000000000000000
L8
000000000000000000000000
seq
delay=050000
001290000000000000000000
seq
delay=070000
000129000000000000000000
seq
delay=090000
000012900000000000000000
seq
delay=110000
000001290000000000000000
seq
delay=120000
000000120000000000000000
seq
delay=140000
000000010000000000000000
seq
delay=580000
000000010000000000000000
seq
delay=100000
000000000000000000000000
seq
delay=100000
000000000000000000000000
L2
000000000000000000000000
L3
000000000000000000000000
L4
000000000000000000000000
L5
000000000000000000000000
L6
000000000000000000000000
L7
000000000000000000000000
L8
000000000000000000000000
L9
000000000000000000000000
L10
000000000000000000000000
L11
000000000000000000000000
L12
000000000000000000000000
L13
000000000000000000000000
L14
000000000000000000000000
L15
000000000000000000000000
L16
000000000000000000000000
seq3-2
delay=100000
905000000000901000000000
9050000000009010
0910000000000950
0900000000000900
0090000000000090
0090000000000090
0009000000000009
0009000000000009
0000900090000000
0000900090000000
0000090009000000
0000090009000000
0000009000900000
0000009000900000
0000000900090000
0000000900090000
L2
905000000000901000000000
9050000000009010
0910000000000950
0900000000000900
0090000000000090
0090000000000090
0009000000000009
0009000000000009
0000900090000000
0000900090000000
0000090009000000
0000090009000000
0000009000900000
0000009000900000
0000000900090000
0000000900090000
L3
905000000000901000000000
9050000000009010
0910000000000950
0900000000000900
0090000000000090
0090000000000090
0009000000000009
0009000000000009
0000900090000000
0000900090000000
0000090009000000
0000090009000000
0000009000900000
0000009000900000
0000000900090000
0000000900090000
L4
905000000000901000000000
9050000000009010
0910000000000950
0900000000000900
0090000000000090
0090000000000090
0009000000000009
0009000000000009
0000900090000000
0000900090000000
0000090009000000
0000090009000000
0000009000900000
0000009000900000
0000000900090000
0000000900090000
L5
905000000000901000000000
9050000000009010
0910000000000950
0900000000000900
0090000000000090
0090000000000090
0009000000000009
0009000000000009
0000900090000000
0000900090000000
0000090009000000
0000090009000000
0000009000900000
0000009000900000
0000000900090000
0000000900090000
L6
905000000000901000000000
9050000000009010
0910000000000950
0900000000000900
0090000000000090
0090000000000090
0009000000000009
0009000000000009
0000900090000000
0000900090000000
0000090009000000
0000090009000000
0000009000900000
0000009000900000
0000000900090000
0000000900090000
seq2
905000000000901000000000
9050000000009010
0910000000000950
0900000000000900
0090000000000090
0090000000000090
0009000000000009
1009000000000009
1000900090000000
5000900090500000
0000090009500000
0000090009100000
0000009000900000
0000009000900000
0000000900090000
0000000900090000
L2
905000000000901000000000
9050000000009010
0910000000000950
0900000000000900
0090000000000090
0090000000000090
0009000000000009
1009000000000009
1000900090000000
5000900090500000
0000090009500000
0000090009100000
0000009000900000
0000009000900000
0000000900090000
0000000900090000
L3
905000000000901000000000
9050000000009010
0910000000000950
0900000000000900
0090000000000090
0090000000000090
0009000000000009
1009000000000009
1000900090000000
5000900090500000
0000090009500000
0000090009100000
0000009000900000
0000009000900000
0000000900090000
0000000900090000
L4
905000000000901000000000
9050000000009010
0910000000000950
0900000000000900
0090000000000090
0090000000000090
0009000000000009
1009000000000009
1000900090000000
5000900090500000
0000090009500000
0000090009100000
0000009000900000
0000009000900000
0000000900090000
0000000900090000
L5
905000000000901000000000
9050000000009010
0910000000000950
0900000000000900
0090000000000090
0090000000000090
0009000000000009
1009000000000009
1000900090000000
5000900090500000
0000090009500000
0000090009100000
0000009000900000
0000009000900000
0000000900090000
0000000900090000
L6
905000000000901000000000
9050000000009010
0910000000000950
0900000000000900
0090000000000090
0090000000000090
0009000000000009
1009000000000009
1000900090000000
5000900090500000
0000090009500000
0000090009100000
0000009000900000
0000009000900000
0000000900090000
0000000900090000
seq3
905000000000901000000000
9050000000009010
0910000000000950
0900000000000900
0090000000001090
0090000000002090
0009000000003009
1009000000000009
1000900090000000
5000900090500000
0000090009500000
0000090009100000
0000009000900000
0000009000900000
0002000900090000
0300000900090000
L2
905000000000901000000000
9050000000009010
0910000000000950
0900000000000900
0090000000001090
0090000000002090
0009000000003009
1009000000000009
1000900090000000
5000900090500000
0000090009500000
0000090009100000
0000009000900000
0000009000900000
0002000900090000
0300000900090000
L3
905000000000901000000000
9050000000009010
0910000000000950
0900000000000900
0090000000001090
0090000000002090
0009000000003009
1009000000000009
1000900090000000
5000900090500000
0000090009500000
0000090009100000
0000009000900000
0000009000900000
0002000900090000
0300000900090000
L4
905000000000901000000000
9050000000009010
0910000000000950
0900000000000900
0090000000001090
0090000000002090
0009000000003009
1009000000000009
1000900090000000
5000900090500000
0000090009500000
0000090009100000
0000009000900000
0000009000900000
0002000900090000
0300000900090000
L5
905000000000901000000000
9050000000009010
0910000000000950
0900000000000900
0090000000001090
0090000000002090
0009000000003009
1009000000000009
1000900090000000
5000900090500000
0000090009500000
0000090009100000
0000009000900000
0000009000900000
0002000900090000
0300000900090000
L6
905000000000901000000000
9050000000009010
0910000000000950
0900000000000900
0090000000001090
0090000000002090
0009000000003009
1009000000000009
1000900090000000
5000900090500000
0000090009500000
0000090009100000
0000009000900000
0000009000900000
0002000900090000
0300000900090000
seq4
905000000000901000000000
9050000000009010
0910000000000950
0900000000000900
0090000002001090
0090000002002090
0009010001003109
1009010000000009
1000900090000000
5000900090500000
0000090009500000
0000090009100000
0000009000900000
0000009000900000
0002000900090000
0300000900090000
L2
905000000000901000000000
9050000000009010
0910000000000950
0900000000000900
0090000002001090
0090000002002090
0009010001003109
1009010000000009
1000900090000000
5000900090500000
0000090009500000
0000090009100000
0000009000900000
0000009000900000
0002000900090000
0300000900090000
L3
905000000000901000000000
9050000000009010
0910000000000950
0900000000000900
0090000002001090
0090000002002090
0009010001003109
1009010000000009
1000900090000000
5000900090500000
0000090009500000
0000090009100000
0000009000900000
0000009000900000
0002000900090000
0300000900090000
L4
905000000000901000000000
9050000000009010
0910000000000950
0900000000000900
0090000002001090
0090000002002090
0009010001003109
1009010000000009
1000900090000000
5000900090500000
0000090009500000
0000090009100000
0000009000900000
0000009000900000
0002000900090000
0300000900090000
L5
905000000000901000000000
9050000000009010
0910000000000950
0900000000000900
0090000002001090
0090000002002090
0009010001003109
1009010000000009
1000900090000000
5000900090500000
0000090009500000
0000090009100000
0000009000900000
0000009000900000
0002000900090000
0300000900090000
L6
905000000000901000000000
9050000000009010
0910000000000950
0900000000000900
0090000002001090
0090000002002090
0009010001003109
1009010000000009
1000900090000000
5000900090500000
0000090009500000
0000090009100000
0000009000900000
0000009000900000
0002000900090000
0300000900090000
seq5
905000000000901000000000
9050040000009010
0910040000000950
0900000000000900
0090000002001090
0090000002002090
0009010001003109
1009010000000009
1000900090000000
5030900090500000
0030090009500000
0000090009100000
0000009000900000
0000009000900300
0002000900090100
0300000900090200
L2
905000000000901000000000
9050040000009010
0910040000000950
0900000000000900
0090000002001090
0090000002002090
0009010001003109
1009010000000009
1000900090000000
5030900090500000
0030090009500000
0000090009100000
0000009000900000
0000009000900300
0002000900090100
0300000900090200
L3
905000000000901000000000
9050040000009010
0910040000000950
0900000000000900
0090000002001090
0090000002002090
0009010001003109
1009010000000009
1000900090000000
5030900090500000
0030090009500000
0000090009100000
0000009000900000
0000009000900300
0002000900090100
0300000900090200
L4
905000000000901000000000
9050040000009010
0910040000000950
0900000000000900
0090000002001090
0090000002002090
0009010001003109
1009010000000009
1000900090000000
5030900090500000
0030090009500000
0000090009100000
0000009000900000
0000009000900300
0002000900090100
0300000900090200
L5
905000000000901000000000
9050040000009010
0910040000000950
0900000000000900
0090000002001090
0090000002002090
0009010001003109
1009010000000009
1000900090000000
5030900090500000
0030090009500000
0000090009100000
0000009000900000
0000009000900300
0002000900090100
0300000900090200
L6
905000000000901000000000
9050040000009010
0910040000000950
0900000000000900
0090000002001090
0090000002002090
0009010001003109
1009010000000009
1000900090000000
5030900090500000
0030090009500000
0000090009100000
0000009000900000
0000009000900300
0002000900090100
0300000900090200
seq6
905000000000901012300123
9050040000009010
0910040000000950
0900000000000900
0090000002001090
0090000002002090
0009010001003109
1009010000000009
1000900090000000
5030900090500000
0030090009500000
0000090009100000
0000009000900000
0000009000900300
0002000900090100
0300000900090200
L2
905000000000901012300123
9050040000009010
0910040000000950
0900000000000900
0090000002001090
0090000002002090
0009010001003109
1009010000000009
1000900090000000
5030900090500000
0030090009500000
0000090009100000
0000009000900000
0000009000900300
0002000900090100
0300000900090200
L3
905000000000901012300123
9050040000009010
0910040000000950
0900000000000900
0090000002001090
0090000002002090
0009010001003109
1009010000000009
1000900090000000
5030900090500000
0030090009500000
0000090009100000
0000009000900000
0000009000900300
0002000900090100
0300000900090200
L4
905000000000901012300123
9050040000009010
0910040000000950
0900000000000900
0090000002001090
0090000002002090
0009010001003109
1009010000000009
1000900090000000
5030900090500000
0030090009500000
0000090009100000
0000009000900000
0000009000900300
0002000900090100
0300000900090200
L5
905000000000901012300123
9050040000009010
0910040000000950
0900000000000900
0090000002001090
0090000002002090
0009010001003109
1009010000000009
1000900090000000
5030900090500000
0030090009500000
0000090009100000
0000009000900000
0000009000900300
0002000900090100
0300000900090200
L6
905000000000901012300123
9050040000009010
0910040000000950
0900000000000900
0090000002001090
0090000002002090
0009010001003109
1009010000000009
1000900090000000
5030900090500000
0030090009500000
0000090009100000
0000009000900000
0000009000900300
0002000900090100
0300000900090200
seq7
905000000000901012300123
9050040000009010
0910040000000950
0900000000000900
0090000002001090
0090000002002090
L2
905000000000901012300123
9050040000009010
0910040000000950
0900000000000900
0090000002001090
0090000002002090
L3
905000000000901012300123
9050040000009010
0910040000000950
0900000000000900
0090000002001090
0090000002002090
L4
905000000000901012300123
9050040000009010
0910040000000950
0900000000000900
0090000002001090
0090000002002090
L5
905000000000901012300123
9050040000009010
0910040000000950
0900000000000900
0090000002001090
0090000002002090
seq8
905000000000901012300123
9050040000009010
0910040000000950
0900000000000900
seq9
000000000000000000000000
seq10
900500000000901000000000
9005040000009010
0910040000000950
0900000000000900
0090000002001090
0090000002002090
0009010001003109
1009010000000009
1000900090000000
5003900090500000
0003090009500000
0000090009100000
0000009000900000
0000009000900300
0002000900090100
0300000900090200
L2
900500000000901000000000
9005040000009010
0910040000000950
0900000000000900
0090000002001090
0090000002002090
0009010001003109
1009010000000009
1000900090000000
5003900090500000
0003090009500000
0000090009100000
0000009000900000
0000009000900300
0002000900090100
0300000900090200
L3
900500000000901000000000
9005040000009010
0910040000000950
0900000000000900
0090000002001090
0090000002002090
0009010001003109
1009010000000009
1000900090000000
5003900090500000
0003090009500000
0000090009100000
0000009000900000
0000009000900300
0002000900090100
0300000900090200
L4
900500000000901000000000
9005040000009010
0910040000000950
0900000000000900
0090000002001090
0090000002002090
0009010001003109
1009010000000009
1000900090000000
5003900090500000
0003090009500000
0000090009100000
0000009000900000
0000009000900300
0002000900090100
0300000900090200
seq11
905000000000901000000000
9050040000009010
0910040000000950
0900000000000900
0090000002001090
0090000002002090
0009010001003109
1009010000000009
1000900090000000
5030900090500000
0030090009500000
0000090009100000
0000009000900000
0000009000900300
0002000900090100
0300000900090200
905000000000901000000000
9050040000009010
0910040000000950
0900000000000900
0090000002001090
0090000002002090
0009010001003109
1009010000000009
1000900090000000
5030900090500000
0030090009500000
0000090009100000
0000009000900000
0000009000900300
0002000900090100
0300000900090200
900500000000901000000000
9005040000009010
0910040000000950
0900000000000900
0090000002001090
0090000002002090
0009010001003109
1009010000000009
1000900090000000
5003900090500000
0003090009500000
0000090009100000
0000009000900000
0000009000900300
0002000900090100
0300000900090200
L2
905000000000901000000000
9050040000009010
0910040000000950
0900000000000900
0090000002001090
0090000002002090
0009010001003109
1009010000000009
1000900090000000
5030900090500000
0030090009500000
0000090009100000
0000009000900000
0000009000900300
0002000900090100
0300000900090200
905000000000901000000000
9050040000009010
0910040000000950
0900000000000900
0090000002001090
0090000002002090
0009010001003109
1009010000000009
1000900090000000
5030900090500000
0030090009500000
0000090009100000
0000009000900000
0000009000900300
0002000900090100
0300000900090200
900500000000901000000000
9005040000009010
0910040000000950
0900000000000900
0090000002001090
0090000002002090
0009010001003109
1009010000000009
1000900090000000
5003900090500000
0003090009500000
0000090009100000
0000009000900000
0000009000900300
0002000900090100
0300000900090200
L3
905000000000901000000000
9050040000009010
0910040000000950
0900000000000900
0090000002001090
0090000002002090
0009010001003109
1009010000000009
1000900090000000
5030900090500000
0030090009500000
0000090009100000
0000009000900000
0000009000900300
0002000900090100
0300000900090200
905000000000901000000000
9050040000009010
0910040000000950
0900000000000900
0090000002001090
0090000002002090
0009010001003109
1009010000000009
1000900090000000
5030900090500000
0030090009500000
0000090009100000
0000009000900000
0000009000900300
0002000900090100
0300000900090200
900500000000901000000000
9005040000009010
0910040000000950
0900000000000900
0090000002001090
0090000002002090
0009010001003109
1009010000000009
1000900090000000
5003900090500000
0003090009500000
0000090009100000
0000009000900000
0000009000900300
0002000900090100
0300000900090200
seq12
905000000000901000000000
9050040000009010
0910040000000950
0900000000000900
0090000002001090
0090000002002090
0009010001003109
1009010000000009
1000900090000000
5030900090500000
0030090009500000
0000090009100000
0000009000900000
0000009000900300
0002000900090100
0300000900090200
905000000000901000000000
9050040000009010
0910040000000950
0900000000000900
0090000002001090
0090000002002090
0009010001003109
1009010000000009
1000900090000000
5030900090500000
0030090009500000
0000090009100000
0000009000900000
0000009000900300
0002000900090100
0300000900090200
900500000000901000000000
9005040000009010
0910040000000950
0900000000000900
0090000002001090
0090000002002090
0009010001003109
1009010000000009
1000900090000000
5003900090500000
0003090009500000
0000090009100000
0000009000900000
0000009000900300
0002000900090100
0300000900090200
L2
905000000000901000000000
9050040000009010
0910040000000950
0900000000000900
0090000002001090
0090000002002090
0009010001003109
1009010000000009
1000900090000000
5030900090500000
0030090009500000
0000090009100000
0000009000900000
0000009000900300
0002000900090100
0300000900090200
905000000000901000000000
9050040000009010
0910040000000950
0900000000000900
0090000002001090
0090000002002090
0009010001003109
1009010000000009
1000900090000000
5030900090500000
0030090009500000
0000090009100000
0000009000900000
0000009000900300
0002000900090100
0300000900090200
900500000000901000000000
9005040000009010
0910040000000950
0900000000000900
0090000002001090
0090000002002090
0009010001003109
1009010000000009
1000900090000000
5003900090500000
0003090009500000
0000090009100000
0000009000900000
0000009000900300
0002000900090100
0300000900090200
L3
905000000000901000000000
9050040000009010
0910040000000950
0900000000000900
0090000002001090
0090000002002090
0009010001003109
1009010000000009
1000900090000000
5030900090500000
0030090009500000
0000090009100000
0000009000900000
0000009000900300
0002000900090100
0300000900090200
905000000000901000000000
9050040000009010
0910040000000950
0900000000000900
0090000002001090
0090000002002090
0009010001003109
1009010000000009
1000900090000000
5030900090500000
0030090009500000
0000090009100000
0000009000900000
0000009000900300
0002000900090100
0300000900090200
900500000000901000000000
9005040000009010
0910040000000950
0900000000000900
0090000002001090
0090000002002090
0009010001003109
1009010000000009
1000900090000000
5003900090500000
0003090009500000
0000090009100000
0000009000900000
0000009000900300
0002000900090100
0300000900090200
seq13
905000000000901000100000
9050040000009010
0910040000000950
0900000000000900
0090000002001090
0090000002002090
0009010001003109
1009010000000009
1000900090000000
5030900090500000
0030090009500000
0000090009100000
0000009000900000
0000009000900300
0002000900090100
0300000900090200
905000000000901000500000
9050040000009010
0910040000000950
0900000000000900
0090000002001090
0090000002002090
0009010001003109
1009010000000009
1000900090000000
5030900090500000
0030090009500000
0000090009100000
0000009000900000
0000009000900300
0002000900090100
0300000900090200
900500000000901000800050
9005040000009010
0910040000000950
0900000000000900
0090000002001090
0090000002002090
0009010001003109
1009010000000009
1000900090000000
5003900090500000
0003090009500000
0000090009100000
0000009000900000
0000009000900300
0002000900090100
030000090009020000000000
L2
905000000000901000100000
9050040000009010
0910040000000950
0900000000000900
0090000002001090
0090000002002090
0009010001003109
1009010000000009
1000900090000000
5030900090500000
0030090009500000
0000090009100000
0000009000900000
0000009000900300
0002000900090100
0300000900090200
905000000000901000500000
9050040000009010
0910040000000950
0900000000000900
0090000002001090
0090000002002090
0009010001003109
1009010000000009
1000900090000000
5030900090500000
0030090009500000
0000090009100000
0000009000900000
0000009000900300
0002000900090100
0300000900090200
900500000000901000800050
9005040000009010
0910040000000950
0900000000000900
0090000002001090
0090000002002090
0009010001003109
1009010000000009
1000900090000000
5003900090500000
0003090009500000
0000090009100000
0000009000900000
0000009000900300
0002000900090100
030000090009020000000000
L3
905000000000901000100000
9050040000009010
0910040000000950
0900000000000900
0090000002001090
0090000002002090
0009010001003109
1009010000000009
1000900090000000
5030900090500000
0030090009500000
0000090009100000
0000009000900000
0000009000900300
0002000900090100
0300000900090200
905000000000901000500000
9050040000009010
0910040000000950
0900000000000900
0090000002001090
0090000002002090
0009010001003109
1009010000000009
1000900090000000
5030900090500000
0030090009500000
0000090009100000
0000009000900000
0000009000900300
0002000900090100
0300000900090200
900500000000901000800050
9005040000009010
0910040000000950
0900000000000900
0090000002001090
0090000002002090
0009010001003109
1009010000000009
1000900090000000
5003900090500000
0003090009500000
0000090009100000
0000009000900000
0000009000900300
0002000900090100
030000090009020000000000
seq13
905000000000901000100000
9050040000009010
0910040000000950
0900000000000900
0090000002001090
0090000002002090
0009010001003109
1009010000000009
1000900090000000
5030900090500000
0030090009500000
0000090009100000
0000009000900000
0000009000900300
0002000900090100
0300000900090200
905000000000901000500000
9050040000009000
0910040000000950
0900000000000900
0090005002001090
0090000080002090
0009000001003109
1009000000000009
1000900090000110
5030900090500000
0030090009500100
0000095009100000
0000009000900000
0000009000900300
0002000900090100
0300000900090200
900500000000901000800050
9005040000009010
0910040000000950
0900000001000900
0090000002001090
0090000002000090
0009010000000109
1009010000001009
1000900090002000
5000900090503000
0000090009500000
0000090009100000
0000009000900000
0000009000900300
0002000900090000
030000090009020000000000
L2
905000000000901000100000
9050040000009010
0910040000000950
0900000000000900
0090000002001090
0090000002002090
0009010001003109
1009010000000009
1000900090000000
5030900090500000
0030090009500000
0000090009100000
0000009000900000
0000009000900300
0002000900090100
0300000900090200
905000000000901000500000
9050040000009000
0910040000000950
0900000000000900
0090005002001090
0090000080002090
0009000001003109
1009000000000009
1000900090000110
5030900090500000
0030090009500100
0000095009100000
0000009000900000
0000009000900300
0002000900090100
0300000900090200
900500000000901000800050
9005040000009010
0910040000000950
0900000001000900
0090000002001090
0090000002000090
0009010000000109
1009010000001009
1000900090002000
5000900090503000
0000090009500000
0000090009100000
0000009000900000
0000009000900300
0002000900090000
030000090009020000000000
L3
905000000000901000100000
9050040000009010
0910040000000950
0900000000000900
0090000002001090
0090000002002090
0009010001003109
1009010000000009
1000900090000000
5030900090500000
0030090009500000
0000090009100000
0000009000900000
0000009000900300
0002000900090100
0300000900090200
905000000000901000500000
9050040000009000
0910040000000950
0900000000000900
0090005002001090
0090000080002090
0009000001003109
1009000000000009
1000900090000110
5030900090500000
0030090009500100
0000095009100000
0000009000900000
0000009000900300
0002000900090100
0300000900090200
900500000000901000800050
9005040000009010
0910040000000950
0900000001000900
0090000002001090
0090000002000090
0009010000000109
1009010000001009
1000900090002000
5000900090503000
0000090009500000
0000090009100000
0000009000900000
0000009000900300
0002000900090000
030000090009020000000000
L4
905000000000901000100000
9050040000009010
0910040000000950
0900000000000900
0090000002001090
0090000002002090
0009010001003109
1009010000000009
1000900090000000
5030900090500000
0030090009500000
0000090009100000
0000009000900000
0000009000900300
0002000900090100
0300000900090200
905000000000901000500000
9050040000009000
0910040000000950
0900000000000900
0090005002001090
0090000080002090
0009000001003109
1009000000000009
1000900090000110
5030900090500000
0030090009500100
0000095009100000
0000009000900000
0000009000900300
0002000900090100
0300000900090200
900500000000901000800050
9005040000009010
0910040000000950
0900000001000900
0090000002001090
0090000002000090
0009010000000109
1009010000001009
1000900090002000
5000900090503000
0000090009500000
0000090009100000
0000009000900000
0000009000900300
0002000900090000
030000090009020000000000
L5
905000000000901000100000
9050040000009010
0910040000000950
0900000000000900
0090000002001090
0090000002002090
0009010001003109
1009010000000009
1000900090000000
5030900090500000
0030090009500000
0000090009100000
0000009000900000
0000009000900300
0002000900090100
0300000900090200
905000000000901000500000
9050040000009000
0910040000000950
0900000000000900
0090005002001090
0090000080002090
0009000001003109
1009000000000009
1000900090000110
5030900090500000
0030090009500100
0000095009100000
0000009000900000
0000009000900300
0002000900090100
0300000900090200
900500000000901000800050
9005040000009010
0910040000000950
0900000001000900
0090000002001090
0090000002000090
0009010000000109
1009010000001009
1000900090002000
5000900090503000
0000090009500000
0000090009100000
0000009000900000
0000009000900300
0002000900090000
030000090009020000000000
L6
905000000000901000100000
9050040000009010
0910040000000950
0900000000000900
0090000002001090
0090000002002090
0009010001003109
1009010000000009
1000900090000000
5030900090500000
0030090009500000
0000090009100000
0000009000900000
0000009000900300
0002000900090100
0300000900090200
905000000000901000500000
9050040000009000
0910040000000950
0900000000000900
0090005002001090
0090000080002090
0009000001003109
1009000000000009
1000900090000110
5030900090500000
0030090009500100
0000095009100000
0000009000900000
0000009000900300
0002000900090100
0300000900090200
900500000000901000800050
9005040000009010
0910040000000950
0900000001000900
0090000002001090
0090000002000090
0009010000000109
1009010000001009
1000900090002000
5000900090503000
0000090009500000
0000090009100000
0000009000900000
0000009000900300
0002000900090000
030000090009020000000000
seq14
005000000000001000000000
0050040000000010
0010040000000050
0000000000000000
0000000002001000
0000000002002000
0000010001003100
1000010000000000
1000000000000000
5030000000500000
0030000000500000
0000000000100000
0000000000000000
0000000000000300
0002000000000100
0300000000000200
005000000000001000000000
0050040000000000
0010040000000050
0000000000000000
0000005002001000
0000000080002000
0000000001003100
1000000000000000
1000000000000110
5030000000500000
0030000000500100
0000005000100000
0000000000000000
0000000000000300
0002000000000100
0300000000000200
000500000000001000000000
0005040000000010
0010040000000050
0000000001000000
0000000002001000
0000000002000000
0000010000000100
1000010000001000
1000000000002000
5000000000503000
0000000000500000
0000000000100000
0000000000000000
0000000000000300
0002000000000000
030000000000020000000000
L2
005000000000001000000000
0050040000000010
0010040000000050
0000000000000000
0000000002001000
0000000002002000
0000010001003100
1000010000000000
1000000000000000
5030000000500000
0030000000500000
0000000000100000
0000000000000000
0000000000000300
0002000000000100
0300000000000200
005000000000001000000000
0050040000000000
0010040000000050
0000000000000000
0000005002001000
0000000080002000
0000000001003100
1000000000000000
1000000000000110
5030000000500000
0030000000500100
0000005000100000
0000000000000000
0000000000000300
0002000000000100
0300000000000200
000500000000001000000000
0005040000000010
0010040000000050
0000000001000000
0000000002001000
0000000002000000
0000010000000100
1000010000001000
1000000000002000
5000000000503000
0000000000500000
0000000000100000
0000000000000000
0000000000000300
0002000000000000
030000000000020000000000
L3
005000000000001000000000
0050040000000010
0010040000000050
0000000000000000
0000000002001000
0000000002002000
0000010001003100
1000010000000000
1000000000000000
5030000000500000
0030000000500000
0000000000100000
0000000000000000
0000000000000300
0002000000000100
0300000000000200
005000000000001000000000
0050040000000000
0010040000000050
0000000000000000
0000005002001000
0000000080002000
0000000001003100
1000000000000000
1000000000000110
5030000000500000
0030000000500100
0000005000100000
0000000000000000
0000000000000300
0002000000000100
0300000000000200
000500000000001000000000
0005040000000010
0010040000000050
0000000001000000
0000000002001000
0000000002000000
0000010000000100
1000010000001000
1000000000002000
5000000000503000
0000000000500000
0000000000100000
0000000000000000
0000000000000300
0002000000000000
030000000000020000000000
seq15
000000000000000000000000
0000040000000010
0000040000000050
0000000000000000
0000000002001000
0000000000000000
0000010001003100
0000010000000000
0000000000000000
0030000000500000
0030000000000000
0000000000100000
0000000000000000
0000000000000300
0002000000000000
0300000000000200
000000000000001000000000
0000040000000000
0000000000000050
0000000000000000
0000005002001000
0000000080000000
0000000001003100
1000000000000000
0000000000000110
5030000000000000
0030000000000100
0000005000000000
0000000000000000
0000000000000300
0000000000000000
0300000000000200
000000000000001000000000
0005000000000000
0010040000000050
0000000001000000
0000000002001000
0000000002000000
0000000000000100
0000000000000000
0000000000000000
0000000000000000
0000000000000000
0000000000000000
0000000000000000
0000000000000300
0002000000000000
030000000000020000000000
L2
000000000000000000000000
0000040000000010
0000040000000050
0000000000000000
0000000002001000
0000000000000000
0000010001003100
0000010000000000
0000000000000000
0030000000500000
0030000000000000
0000000000100000
0000000000000000
0000000000000300
0002000000000000
0300000000000200
000000000000001000000000
0000040000000000
0000000000000050
0000000000000000
0000005002001000
0000000080000000
0000000001003100
1000000000000000
0000000000000110
5030000000000000
0030000000000100
0000005000000000
0000000000000000
0000000000000300
0000000000000000
0300000000000200
000000000000001000000000
0005000000000000
0010040000000050
0000000001000000
0000000002001000
0000000002000000
0000000000000100
0000000000000000
0000000000000000
0000000000000000
0000000000000000
0000000000000000
0000000000000000
0000000000000300
0002000000000000
030000000000020000000000
L3
000000000000000000000000
0000040000000010
0000040000000050
0000000000000000
0000000002001000
0000000000000000
0000010001003100
0000010000000000
0000000000000000
0030000000500000
0030000000000000
0000000000100000
0000000000000000
0000000000000300
0002000000000000
0300000000000200
000000000000001000000000
0000040000000000
0000000000000050
0000000000000000
0000005002001000
0000000080000000
0000000001003100
1000000000000000
0000000000000110
5030000000000000
0030000000000100
0000005000000000
0000000000000000
0000000000000300
0000000000000000
0300000000000200
000000000000001000000000
0005000000000000
0010040000000050
0000000001000000
0000000002001000
0000000002000000
0000000000000100
0000000000000000
0000000000000000
0000000000000000
0000000000000000
0000000000000000
0000000000000000
0000000000000300
0002000000000000
030000000000020000000000
seq16
000000000000000000000000
0000000000000010
0000040000000050
0000000000000000
0000000002001000
0000000000000000
0000000001003100
0000000000000000
0000000000000000
0000000000500000
0030000000000000
0000000000100000
0000000000000000
0000000000000300
0002000000000000
0000000000000200
000000000000001000000000
0000000000000000
0000000000000050
0000000000000000
0000000002001000
0000000080000000
0000000001003100
1000000000000000
0000000000000110
0000000000000000
0000000000000100
0000000000000000
0000000000000000
0000000000000300
0000000000000000
0300000000000200
000000000000001000000000
0000000000000000
0000000000000050
0000000001000000
0000000002001000
0000000002000000
0000000000000100
0000000000000000
0000000000000000
0000000000000000
0000000000000000
0000000000000000
0000000000000000
0000000000000300
0000000000000000
000000000000020000000000
L2
000000000000000000000000
0000000000000010
0000040000000050
0000000000000000
0000000002001000
0000000000000000
0000000001003100
0000000000000000
0000000000000000
0000000000500000
0030000000000000
0000000000100000
0000000000000000
0000000000000300
0002000000000000
0000000000000200
000000000000001000000000
0000000000000000
0000000000000050
0000000000000000
0000000002001000
0000000080000000
0000000001003100
1000000000000000
0000000000000110
0000000000000000
0000000000000100
0000000000000000
0000000000000000
0000000000000300
0000000000000000
0300000000000200
000000000000001000000000
0000000000000000
0000000000000050
0000000001000000
0000000002001000
0000000002000000
0000000000000100
0000000000000000
0000000000000000
0000000000000000
0000000000000000
0000000000000000
0000000000000000
0000000000000300
0000000000000000
000000000000020000000000
L3
000000000000000000000000
0000000000000010
0000040000000050
0000000000000000
0000000002001000
0000000000000000
0000000001003100
0000000000000000
0000000000000000
0000000000500000
0030000000000000
0000000000100000
0000000000000000
0000000000000300
0002000000000000
0000000000000200
000000000000001000000000
0000000000000000
0000000000000050
0000000000000000
0000000002001000
0000000080000000
0000000001003100
1000000000000000
0000000000000110
0000000000000000
0000000000000100
0000000000000000
0000000000000000
0000000000000300
0000000000000000
0300000000000200
000000000000001000000000
0000000000000000
0000000000000050
0000000001000000
0000000002001000
0000000002000000
0000000000000100
0000000000000000
0000000000000000
0000000000000000
0000000000000000
0000000000000000
0000000000000000
0000000000000300
0000000000000000
000000000000020000000000
seq17
000000000000000000000000
0000000000000000
0000000000000050
0000000000000000
0000000000001000
0000000000000000
0000000000000000
0000000000000000
0000000000000000
0000000000500000
0000000000000000
0000000000000000
0000000000000000
0000000000000300
0000000000000000
0000000000000000
000000000000000000000000
0000000000000000
0000000000000000
0000000000000000
0000000000000000
0000000080000000
0000000000000000
0000000000000000
0000000000000010
0000000000000000
0000000000000100
0000000000000000
0000000000000000
0000000000000300
0000000000000000
0000000000000000
000000000000001000000000
0000000000000000
0000000000000000
0000000000000000
0000000000001000
0000000000000000
0000000000000000
0000000000000000
0000000000000000
0000000000000000
0000000000000000
0000000000000000
0000000000000000
0000000000000000
0000000000000000
000000000000020000000000
L2
000000000000000000000000
0000000000000000
0000000000000050
0000000000000000
0000000000001000
0000000000000000
0000000000000000
0000000000000000
0000000000000000
0000000000500000
0000000000000000
0000000000000000
0000000000000000
0000000000000300
0000000000000000
0000000000000000
000000000000000000000000
0000000000000000
0000000000000000
0000000000000000
0000000000000000
0000000080000000
0000000000000000
0000000000000000
0000000000000010
0000000000000000
0000000000000100
0000000000000000
0000000000000000
0000000000000300
0000000000000000
0000000000000000
000000000000001000000000
0000000000000000
0000000000000000
0000000000000000
0000000000001000
0000000000000000
0000000000000000
0000000000000000
0000000000000000
0000000000000000
0000000000000000
0000000000000000
0000000000000000
0000000000000000
0000000000000000
000000000000020000000000
L3
000000000000000000000000
0000000000000000
0000000000000050
0000000000000000
0000000000001000
0000000000000000
0000000000000000
0000000000000000
0000000000000000
0000000000500000
0000000000000000
0000000000000000
0000000000000000
0000000000000300
0000000000000000
0000000000000000
000000000000000000000000
0000000000000000
0000000000000000
0000000000000000
0000000000000000
0000000080000000
0000000000000000
0000000000000000
0000000000000010
0000000000000000
0000000000000100
0000000000000000
0000000000000000
0000000000000300
0000000000000000
0000000000000000
000000000000001000000000
0000000000000000
0000000000000000
0000000000000000
0000000000001000
0000000000000000
0000000000000000
0000000000000000
0000000000000000
0000000000000000
0000000000000000
0000000000000000
0000000000000000
0000000000000000
0000000000000000
000000000000020000000000
seq18
000000000000000000000000
0000000000000000
0000000000000000
0000000000000000
0000000000000000
0000000080000000
0000000000000000
0000000000000000
0000000000000010
0000000000000000
0000000000000100
0000000000000000
0000000000000000
0000000000000300
0000000000000000
0000000000000000
000000000000001000000000
0000000000000000
0000000000000000
0000000000000000
0000000000001000
0000000000000000
0000000000000000
0000000000000000
0000000000000000
0000000000000000
0000000000000000
0000000000000000
0000000000000000
0000000000000000
0000000000000000
000000000000020000000000
L2
000000000000000000000000
0000000000000000
0000000000000000
0000000000000000
0000000000000000
0000000080000000
0000000000000000
0000000000000000
0000000000000010
0000000000000000
0000000000000100
0000000000000000
0000000000000000
0000000000000300
0000000000000000
0000000000000000
000000000000001000000000
0000000000000000
0000000000000000
0000000000000000
0000000000001000
0000000000000000
0000000000000000
0000000000000000
0000000000000000
0000000000000000
0000000000000000
0000000000000000
0000000000000000
0000000000000000
0000000000000000
000000000000020000000000
seq18
000000000000001000000000
0000000000000000
0000000000000000
0000000000000000
0000000000001000
0000000000000000
0000000000000000
0000000000000000
0000000000000000
0000000000000000
0000000000000000
0000000000000000
0000000000000000
0000000000000000
0000000000000000
000000000000020000000000
L2
000000000000001000000000
0000000000000000
0000000000000000
0000000000000000
0000000000001000
0000000000000000
0000000000000000
0000000000000000
0000000000000000
0000000000000000
0000000000000000
0000000000000000
0000000000000000
0000000000000000
0000000000000000
000000000000020000000000
seqPart4
000000000000001000000000
0000000000000000
0000000000000000
0000000000000000
0000000000001000
0000000000000000
0000000000000000
0000000000000000
0000000000000000
0000000000000000
0000000000000000
0000000000000000
0000000000000000
0000000000000000
0000000000000000
000000000000020000000000
seq1
delay=200000
000000090000001000000000
0000009000000000
0000009000000000
0000090000000000
0000900000001000
0000900000000000
0009000000000000
0090000000000000
0090000000000000
0900000000000000
9000000000000000
9000000000000000
0900000000000000
0090000000000000
0090000000000000
0009000000000200
0000900000000000
0000900000000000
0000090000000000
0000009000000000
L2
990000099000001000000005
0000009000000000
0000009000000000
0000090000000000
0000900000001000
0000900000000000
0009000000000000
0090000000000000
0090000000000000
0900000000000000
9000000000000000
9000000000000000
0900000000000000
0090000000000000
0090000000000000
0009000000000200
0000900000000000
0000900000000000
0000090000000000
0000009000000000
L3
000000090000001000000000
0000009000000000
0000009000000000
0000090000000000
0000900000001000
0000900000000000
0009000000000000
0090000000000000
0090000000000000
0900000000000000
9000000000000000
9000000000000000
0900000000000000
0090000000000000
0090000000000000
0009000000000200
0000900000000000
0000900000000000
0000090000000000
0000009000000000
L4
000000090000001000000000
0000009000000000
0000009000000000
0000090000000000
0000900000001000
0000900000000000
0009000000000000
0090000000000000
0090000000000000
0900000000000000
9000000000000000
9000000000000000
0900000000000000
0090000000000000
0090000000000000
0009000000000200
0000900000000000
0000900000000000
0000090000000000
0000009000000000
L5
000000090000001000000000
0000009000000000
0000009000000000
0000090000000000
0000900000001000
0000900000000000
0009000000000000
0090000000000000
0090000000000000
0900000000000000
9000000000000000
9000000000000000
0900000000000000
0090000000000000
0090000000000000
0009000000000200
0000900000000000
0000900000000000
0000090000000000
0000009000000000
L6
000000090000001000000000
0000009000000000
0000009000000000
0000090000000000
0000900000001000
0000900000000000
0009000000000000
0090000000000000
0090000000000000
0900000000000000
9000000000000000
9000000000000000
0900000000000000
0090000000000000
0090000000000000
0009000000000200
0000900000000000
0000900000000000
0000090000000000
0000009000000000
L7
000000090000001000000000
0000009000000000
0000009000000000
0000090000000000
0000900000001000
0000900000000000
0009000000000000
0090000000000000
0090000000000000
0900000000000000
9000000000000000
9000000000000000
0900000000000000
0090000000000000
0090000000000000
0009000000000200
0000900000000000
0000900000000000
0000090000000000
0000009000000000
seq2
000000090000001000000000
0000009000000000
0000090000000000
0000900000000000
0009000000000000
0090000000000000
0900000000000000
9000000000000000
L2
000000090000001000000000
0000009000000000
0000090000000000
0000900000000000
0009000000000000
0090000000000000
0900000000000000
9000000000000000
L3
000000090000001000000000
0000009000000000
0000090000000000
0000900000000000
0009000000000000
0090000000000000
0900000000000000
9000000000000000
L4
000000090000001000000000
0000009000000000
0000090000000000
0000900000000000
0009000000000000
0090000000000000
0900000000000000
9000000000000000
L5
000000090000001000000000
0000009000000000
0000090000000000
0000900000000000
0009000000000000
0090000000000000
0900000000000000
9000000000000000
L6
000000090000001000000000
0000009000000000
0000090000000000
0000900000000000
0009000000000000
0090000000000000
0900000000000000
9000000000000000
L7
000000090000001000000000
0000009000000000
0000090000000000
0000900000000000
0009000000000000
0090000000000000
0900000000000000
9000000000000000
L8
000000090000001000000000
0000009000000000
0000090000000000
0000900000000000
0009000000000000
0090000000000000
0900000000000000
9000000000000000
L9
000000090000001000000000
0000009000000000
0000090000000000
0000900000000000
0009000000000000
0090000000000000
0900000000000000
9000000000000000
L10
000000090000001000000000
0000009000000000
0000090000000000
0000900000000000
0009000000000000
0090000000000000
0900000000000000
9000000000000000
L11
000000090000001000000000
0000009000000000
0000090000000000
0000900000000000
0009000000000000
0090000000000000
0900000000000000
9000000000000000
L12
000000090000001000000000
0000009000000000
0000090000000000
0000900000000000
0009000000000000
0090000000000000
0900000000000000
9000000000000000
L13
000000090000001000000000
0000009000000000
0000090000000000
0000900000000000
0009000000000000
0090000000000000
0900000000000000
9000000000000000
seq2
delay=100000
000000090000000000000000
0000009000000000
0000090000000000
0000900000000000
0009000000000000
0090000000000000
0900000000000000
9000000000000000
L2
000000090000000000000000
0000009000000000
0000090000000000
0000900000000000
0009000000000000
0090000000000000
0900000000000000
9000000000000000
L3
000000090000000000000000
0000009000000000
0000090000000000
0000900000000000
0009000000000000
0090000000000000
0900000000000000
9000000000000000
seq2
delay=200000
000000099000000000000000
0000009000000000
0000090000000000
0000900000000000
0009000000000000
0090000000000000
0900000000000000
9000000000000009
900000000000000000000000
0900000000000000
0090000000000000
0009000000000000
0000900000000000
0000090000000000
0000009000000000
0000000990000000
L2
000000099000000000000000
0000009000000000
0000090000000000
0000900000000000
0009000000000000
0090000000000000
0900000000000000
9000000000000009
900000000000000000000000
0900000000000000
0090000000000000
0009000000000000
0000900000000000
0000090000000000
0000009000000000
0000000990000000
L3
000000099000000000000000
0000009000000000
0000090000000000
0000900000000000
0009000000000000
0090000000000000
0900000000000000
9000000000000009
900000000000000000000000
0900000000000000
0090000000000000
0009000000000000
0000900000000000
0000090000000000
0000009000000000
0000000990000000
L4
000000099000000000000000
0000009000000000
0000090000000000
0000900000000000
0009000000000000
0090000000000000
0900000000000000
9000000000000009
900000000000000000000000
0900000000000000
0090000000000000
0009000000000000
0000900000000000
0000090000000000
0000009000000000
0000000990000000
L5
000000099000000000000000
0000009000000000
0000090000000000
0000900000000000
0009000000000000
0090000000000000
0900000000000000
9000000000000009
900000000000000000000000
0900000000000000
0090000000000000
0009000000000000
0000900000000000
0000090000000000
0000009000000000
0000000990000000
seq2
000000099000000000000000
0000009000000000
0000090000900000
0000900000000000
0009000000000000
0090000000000000
0900000000000000
9000000000000009
900000000000000000000000
0900000000000000
0090000000000000
0009000000000000
0000900000000000
0000090000900000
0000009000000000
0000000990000000
L2
000000099000000000000000
0000009000000000
0000090000900000
0000900000000000
0009000000000000
0090000000000000
0900000000000000
9000000000000009
900000000000000000000000
0900000000000000
0090000000000000
0009000000000000
0000900000000000
0000090000900000
0000009000000000
0000000990000000
L3
000000099000000000000000
0000009000000000
0000090000900000
0000900000000000
0009000000000000
0090000000000000
0900000000000000
9000000000000009
900000000000000000000000
0900000000000000
0090000000000000
0009000000000000
0000900000000000
0000090000900000
0000009000000000
0000000990000000
L4
000000099000000000000000
0000009000000000
0000090000900000
0000900000000000
0009000000000000
0090000000000000
0900000000000000
9000000000000009
900000000000000000000000
0900000000000000
0090000000000000
0009000000000000
0000900000000000
0000090000900000
0000009000000000
0000000990000000
L5
000000099000000000000000
0000009000000000
0000090000900000
0000900000000000
0009000000000000
0090000000000000
0900000000000000
9000000000000009
900000000000000000000000
0900000000000000
0090000000000000
0009000000000000
0000900000000000
0000090000900000
0000009000000000
0000000990000000
seq2
000000099000000000000000
0000009000000000
0000090000900000
0000900000000000
0009000000000000
0090000000000000
0900000000000000
9000000000000009
900000000000000000000000
0900000000000000
0090000000000000
0009000000009000
0000900000000000
0000090000900000
0000009000000000
0000000990000000
L2
000000099000000000000000
0000009000000000
0000090000900000
0000900000000000
0009000000000000
0090000000000000
0900000000000000
9000000000000009
900000000000000000000000
0900000000000000
0090000000000000
0009000000009000
0000900000000000
0000090000900000
0000009000000000
0000000990000000
L3
000000099000000000000000
0000009000000000
0000090000900000
0000900000000000
0009000000000000
0090000000000000
0900000000000000
9000000000000009
900000000000000000000000
0900000000000000
0090000000000000
0009000000009000
0000900000000000
0000090000900000
0000009000000000
0000000990000000
L4
000000099000000000000000
0000009000000000
0000090000900000
0000900000000000
0009000000000000
0090000000000000
0900000000000000
9000000000000009
900000000000000000000000
0900000000000000
0090000000000000
0009000000009000
0000900000000000
0000090000900000
0000009000000000
0000000990000000
L5
000000099000000000000000
0000009000000000
0000090000900000
0000900000000000
0009000000000000
0090000000000000
0900000000000000
9000000000000009
900000000000000000000000
0900000000000000
0090000000000000
0009000000009000
0000900000000000
0000090000900000
0000009000000000
0000000990000000
seq2
000000099000000000000000
0000009000000000
0000090000900000
0000900000000000
0009000000009000
0090000000000000
0900000000000000
9000000000000009
9000000000000000
0900000000000090
0090000000000000
0009000000009000
0000900000000000
0000090000900000
0000009000000000
0000000990000000
L2
000000099000000000000000
0000009000000000
0000090000900000
0000900000000000
0009000000009000
0090000000000000
0900000000000000
9000000000000009
9000000000000000
0900000000000090
0090000000000000
0009000000009000
0000900000000000
0000090000900000
0000009000000000
0000000990000000
L3
000000099000000000000000
0000009000000000
0000090000900000
0000900000000000
0009000000009000
0090000000000000
0900000000000000
9000000000000009
9000000000000000
0900000000000090
0090000000000000
0009000000009000
0000900000000000
0000090000900000
0000009000000000
0000000990000000
L4
000000099000000000000000
0000009000000000
0000090000900000
0000900000000000
0009000000009000
0090000000000000
0900000000000000
9000000000000009
9000000000000000
0900000000000090
0090000000000000
0009000000009000
0000900000000000
0000090000900000
0000009000000000
0000000990000000
L5
000000099000000000000000
0000009000000000
0000090000900000
0000900000000000
0009000000009000
0090000000000000
0900000000000000
9000000000000009
9000000000000000
0900000000000090
0090000000000000
0009000000009000
0000900000000000
0000090000900000
0000009000000000
0000000990000000
seq2
000000099000000000000000
0000009009000000
0000090000900000
0000900000090000
0009000000009000
0090000000000900
0900000000000090
9000000000000009
9000000000000009
0900000000000090
0090000000000900
0009000000009000
0000900000090000
0000090000900000
0000009000000000
0000000990000000
L2
000000099000000000000000
0000009009000000
0000090000900000
0000900000090000
0009000000009000
0090000000000900
0900000000000090
9000000000000009
9000000000000009
0900000000000090
0090000000000900
0009000000009000
0000900000090000
0000090000900000
0000009000000000
0000000990000000
L3
000000099000000000000000
0000009009000000
0000090000900000
0000900000090000
0009000000009000
0090000000000900
0900000000000090
9000000000000009
9000000000000009
0900000000000090
0090000000000900
0009000000009000
0000900000090000
0000090000900000
0000009000000000
0000000990000000
L4
000000099000000000000000
0000009009000000
0000090000900000
0000900000090000
0009000000009000
0090000000000900
0900000000000090
9000000000000009
9000000000000009
0900000000000090
0090000000000900
0009000000009000
0000900000090000
0000090000900000
0000009000000000
0000000990000000
L5
000000099000000000000000
0000009009000000
0000090000900000
0000900000090000
0009000000009000
0090000000000900
0900000000000090
9000000000000009
9000000000000009
0900000000000090
0090000000000900
0009000000009000
0000900000090000
0000090000900000
0000009000000000
0000000990000000
seq2
900000099000000000000000
0900009009000000
0090090000900000
0009900000090000
0009900000009000
0090090000000900
0900009000000090
9000000900000009
9000000000000009
0900000000000090
0090000000000900
0009000000009000
0000900000090000
0000090000900000
0000009000000000
0000000990000000
L2
900000099000000000000000
0900009009000000
0090090000900000
0009900000090000
0009900000009000
0090090000000900
0900009000000090
9000000900000009
9000000000000009
0900000000000090
0090000000000900
0009000000009000
0000900000090000
0000090000900000
0000009000000000
0000000990000000
L3
900000099000000000000000
0900009009000000
0090090000900000
0009900000090000
0009900000009000
0090090000000900
0900009000000090
9000000900000009
9000000000000009
0900000000000090
0090000000000900
0009000000009000
0000900000090000
0000090000900000
0000009000000000
0000000990000000
L4
900000099000000000000000
0900009009000000
0090090000900000
0009900000090000
0009900000009000
0090090000000900
0900009000000090
9000000900000009
9000000000000009
0900000000000090
0090000000000900
0009000000009000
0000900000090000
0000090000900000
0000009000000000
0000000990000000
L5
900000099000000000000000
0900009009000000
0090090000900000
0009900000090000
0009900000009000
0090090000000900
0900009000000090
9000000900000009
9000000000000009
0900000000000090
0090000000000900
0009000000009000
0000900000090000
0000090000900000
0000009000000000
0000000990000000
seq2
900000099000000000000000
0900009029000000
0090090000900000
0009900000090000
0009900000009000
0090090000000900
0900009000000090
9000000900000009
9000000090000009
0900000009000090
0090000000900900
0009000000099000
0000900000099000
0000090000900900
0000009000000090
0000000990000009
L2
900000099000000000000000
0900009029000000
0090090000900000
0009900000090000
0009900000009000
0090090000000900
0900009000000090
9000000900000009
9000000090000009
0900000009000090
0090000000900900
0009000000099000
0000900000099000
0000090000900900
0000009000000090
0000000990000009
L3
900000099000000000000000
0900009029000000
0090090000900000
0009900000090000
0009900000009000
0090090000000900
0900009000000090
9000000900000009
9000000090000009
0900000009000090
0090000000900900
0009000000099000
0000900000099000
0000090000900900
0000009000000090
0000000990000009
L4
900000099000000000000000
0900009029000000
0090090000900000
0009900000090000
0009900000009000
0090090000000900
0900009000000090
9000000900000009
9000000090000009
0900000009000090
0090000000900900
0009000000099000
0000900000099000
0000090000900900
0000009000000090
0000000990000009
L5
900000099000000000000000
0900009029000000
0090090000900000
0009900000090000
0009900000009000
0090090000000900
0900009000000090
9000000900000009
9000000090000009
0900000009000090
0090000000900900
0009000000099000
0000900000099000
0000090000900900
0000009000000090
0000000990000009
seq2
900000099000000000000000
0900009029000000
0090090000900000
0009900000090000
0009900000009000
0090090000002900
0900009000000090
9000000900000009
9000000990000009
0900009009000090
0090090000900900
0009900000099000
0009900000099000
0090090000900900
0900009000000090
9000000990000009
L2
900000099000000000000000
0900009029000000
0090090000900000
0009900000090000
0009900000009000
0090090000002900
0900009000000090
9000000900000009
9000000990000009
0900009009000090
0090090000900900
0009900000099000
0009900000099000
0090090000900900
0900009000000090
9000000990000009
L3
900000099000000000000000
0900009029000000
0090090000900000
0009900000090000
0009900000009000
0090090000002900
0900009000000090
9000000900000009
9000000990000009
0900009009000090
0090090000900900
0009900000099000
0009900000099000
0090090000900900
0900009000000090
9000000990000009
L4
900000099000000000000000
0900009029000000
0090090000900000
0009900000090000
0009900000009000
0090090000002900
0900009000000090
9000000900000009
9000000990000009
0900009009000090
0090090000900900
0009900000099000
0009900000099000
0090090000900900
0900009000000090
9000000990000009
L5
900000099000000000000000
0900009029000000
0090090000900000
0009900000090000
0009900000009000
0090090000002900
0900009000000090
9000000900000009
9000000990000009
0900009009000090
0090090000900900
0009900000099000
0009900000099000
0090090000900900
0900009000000090
9000000990000009
seq2
900000099000000900000000
0900009029000090
0090090002900900
0009900000299000
0009900000099000
0090090000902900
0900009009000290
9000000990000029
9000000090000009
0900000009000090
0090000000900900
0009000000099000
0000900000099000
0000090000900900
0000009000000090
0000000990000009
L2
900000099000000900000000
0900009029000090
0090090002900900
0009900000299000
0009900000099000
0090090000902900
0900009009000290
9000000990000029
9000000090000009
0900000009000090
0090000000900900
0009000000099000
0000900000099000
0000090000900900
0000009000000090
0000000990000009
L3
900000099000000900000000
0900009029000090
0090090002900900
0009900000299000
0009900000099000
0090090000902900
0900009009000290
9000000990000029
9000000090000009
0900000009000090
0090000000900900
0009000000099000
0000900000099000
0000090000900900
0000009000000090
0000000990000009
L4
900000099000000900000000
0900009029000090
0090090002900900
0009900000299000
0009900000099000
0090090000902900
0900009009000290
9000000990000029
9000000090000009
0900000009000090
0090000000900900
0009000000099000
0000900000099000
0000090000900900
0000009000000090
0000000990000009
L5
900000099000000900000000
0900009029000090
0090090002900900
0009900000299000
0009900000099000
0090090000902900
0900009009000290
9000000990000029
9000000090000009
0900000009000090
0090000000900900
0009000000099000
0000900000099000
0000090000900900
0000009000000090
0000000990000009
seqLast
000000091111111000000000
0000009020000000
0000090002000000
0000900000200000
0009000000020000
0090000000002000
0900000000000200
9000000000000020
0000000900000002
0900009000000000
9000090000000000
0000900000000000
0009000000000000
0090000000000000
0900000000000000
9000000000000000
L2
000000091111111000000000
0000009020000000
0000090002000000
0000900000200000
0009000000020000
0090000000002000
0900000000000200
9000000000000020
0000000900000002
0900009000000000
9000090000000000
0000900000000000
0009000000000000
0090000000000000
0900000000000000
9000000000000000
L3
000000091111111000000000
0000009020000000
0000090002000000
0000900000200000
0009000000020000
0090000000002000
0900000000000200
9000000000000020
0000000900000002
0900009000000000
9000090000000000
0000900000000000
0009000000000000
0090000000000000
0900000000000000
9000000000000000
L4
000000091111111000000000
0000009020000000
0000090002000000
0000900000200000
0009000000020000
0090000000002000
0900000000000200
9000000000000020
0000000900000002
0900009000000000
9000090000000000
0000900000000000
0009000000000000
0090000000000000
0900000000000000
9000000000000000
L5
000000091111111000000000
0000009020000000
0000090002000000
0000900000200000
0009000000020000
0090000000002000
0900000000000200
9000000000000020
0000000900000002
0900009000000000
9000090000000000
0000900000000000
0009000000000000
0090000000000000
0900000000000000
9000000000000000
L6
000000091111111000000000
0000009020000000
0000090002000000
0000900000200000
0009000000020000
0090000000002000
0900000000000200
9000000000000020
0000000900000002
0900009000000000
9000090000000000
0000900000000000
0009000000000000
0090000000000000
0900000000000000
9000000000000000
L7
000000091111111000000000
0000009020000000
0000090002000000
0000900000200000
0009000000020000
0090000000002000
0900000000000200
9000000000000020
0000000900000002
0900009000000000
9000090000000000
0000900000000000
0009000000000000
0090000000000000
0900000000000000
9000000000000000
seq
delay=190000
000000091111111000000000
0000009020000000
0000090002000000
0000900000200000
0009000000020000
0090000000002000
0900000000000200
9000000000000020
0000000900000002
0900009010000000
9000090000000000
0000900000000000
0009000000000000
0090000000000000
0900000000000000
9000000000000000
seq
delay=180000
000000091111111000000000
0000009020000000
0000090002000000
0000900000200000
0009000000020000
0090000000002000
0900000000000200
9000000000000020
0000000900000002
0900009010000000
9000090001000000
0000900000000000
0009000000000000
0090000000000000
0900000000000000
9000000000000000
seq
delay=170000
000000091111111000000000
0000009020000000
0000090002000000
0000900000200000
0009000000020000
0090000000002000
0900000000000200
9000000000000020
0000000900000002
0900009010000000
9000090001000000
0000900000100000
0009000000000000
0090000000000000
0900000000000000
9000000000000000
seq
delay=160000
000000091111111000000000
0000009020000000
0000090002000000
0000900000200000
0009000000020000
0090000000002000
0900000000000200
9000000000000020
0000000900000002
0900009010000000
9000090001000000
0000900000100000
0009000000010000
0090000000000000
0900000000000000
9000000000000000
seq
delay=150000
000000091111111000000000
0000009020000000
0000090002000000
0000900000200000
0009000000020000
0090000000002000
0900000000000200
9000000000000020
0000000900000002
0900009010000000
9000090001000000
0000900000100000
0009000000010000
0090000000001000
0900000000000000
9000000000000000
seq
delay=140000
000000091111111000000000
0000009020000000
0000090002000000
0000900000200000
0009000000020000
0090000000002000
0900000000000200
9000000000000020
0000000900000002
0900009010000000
9000090001000000
0000900000100000
0009000000010000
0090000000001000
0900000000000100
9000000000000000
seq
delay=130000
000000091111111000000000
0000009020000000
0000090002000000
0000900000200000
0009000000020000
0090000000002000
0900000000000200
9000000000000020
0000000900000002
0900009010000000
9000090001000000
0000900000100000
0009000000010000
0090000000001000
0900000000000100
9000000000000010
seq
delay=120000
000000091111111000000000
0000009020000000
0000090002000000
0000900000200000
0009000000020000
0090000000002000
0900000000000200
9000000000000020
0000000900000002
0900009010000000
9000090001000000
0000900000100000
0009000000010000
0090000000001000
0900000000000100
9000000000000010
seq
delay=110000
000000091111111000000000
0000009020000000
0000090002000000
0000900000200000
0009000000020000
0090000000002000
0900000000000200
9000000000000020
0000000900000002
0900009010000000
9000090001000000
0000900000100000
0009000000010000
0090000000001000
0900000000000100
9000000000000010
seq
delay=100000
000000091111111000000000
0000009020000000
0000090002000000
0000900000200000
0009000000020000
0090000000002000
0900000000000200
9000000000000020
0000000900000002
0900009010000000
9000090001000000
0000900000100000
0009000000010000
0090000000001000
0900000000000100
9000000000000010
seq_hor_remix
delay=100000
000000001111111100000000
0000000020000000
0000000002000000
0000000000200000
0000000000020000
0000000000002000
0000000000000200
0000000000000020
0000000000000002
0000000010000000
0000000001000000
0000000000100000
0000000000010000
0000000000001000
0000000000000100
0000000000000010
0000000011111111
0000000022222222
0000000011111111
0000000020000000
0000000030000000
0000000002000000
0000000003000000
0000000000200000
0000000000300000
0000000000020000
0000000000030000
0000000000002000
0000000000003000
0000000000000200
0000000000000300
0000000000000020
0000000000000030
0000000000000002
0000000000000003
0000000020000000
L2
000000001111111100000000
0000000020000000
0000000002000000
0000000000200000
0000000000020000
0000000000002000
0000000000000200
0000000000000020
0000000000000002
0000000010000000
0000000001000000
0000000000100000
0000000000010000
0000000000001000
0000000000000100
0000000000000010
0000000011111111
0000000022222222
0000000011111111
0000000020000000
0000000030000000
0000000002000000
0000000003000000
0000000000200000
0000000000300000
0000000000020000
0000000000030000
0000000000002000
0000000000003000
0000000000000200
0000000000000300
0000000000000020
0000000000000030
0000000000000002
0000000000000003
0000000020000000
L3
000000001111111100000000
0000000020000000
0000000002000000
0000000000200000
0000000000020000
0000000000002000
0000000000000200
0000000000000020
0000000000000002
0000000010000000
0000000001000000
0000000000100000
0000000000010000
0000000000001000
0000000000000100
0000000000000010
0000000011111111
0000000022222222
0000000011111111
0000000020000000
0000000030000000
0000000002000000
0000000003000000
0000000000200000
0000000000300000
0000000000020000
0000000000030000
0000000000002000
0000000000003000
0000000000000200
0000000000000300
0000000000000020
0000000000000030
0000000000000002
0000000000000003
0000000020000000
L4
000000001111111100000000
0000000020000000
0000000002000000
0000000000200000
0000000000020000
0000000000002000
0000000000000200
0000000000000020
0000000000000002
0000000010000000
0000000001000000
0000000000100000
0000000000010000
0000000000001000
0000000000000100
0000000000000010
0000000011111111
0000000022222222
0000000011111111
0000000020000000
0000000030000000
0000000002000000
0000000003000000
0000000000200000
0000000000300000
0000000000020000
0000000000030000
0000000000002000
0000000000003000
0000000000000200
0000000000000300
0000000000000020
0000000000000030
0000000000000002
0000000000000003
0000000020000000
L5
000000001111111100000000
0000000020000000
0000000002000000
0000000000200000
0000000000020000
0000000000002000
0000000000000200
0000000000000020
0000000000000002
0000000010000000
0000000001000000
0000000000100000
0000000000010000
0000000000001000
0000000000000100
0000000000000010
0000000011111111
0000000022222222
0000000011111111
0000000020000000
0000000030000000
0000000002000000
0000000003000000
0000000000200000
0000000000300000
0000000000020000
0000000000030000
0000000000002000
0000000000003000
0000000000000200
0000000000000300
0000000000000020
0000000000000030
0000000000000002
0000000000000003
0000000020000000
seq4
000000002000000000000000
0000000002000000
0000000000200000
0000000000020000
0000000000002000
0000000000000200
0000000000000020
0000000000000002
0000000000000020
0000000000000200
0000000000002000
0000000000020000
0000000000200000
0000000000200000
0000000020000000
seqgap
000000000000000000000000
seq3
090000001111111100000000
0090000020000000
0009000002000000
0000900000200000
0000090000020000
0000009000002000
0000000900000200
9000000000000020
0900000000000002
0090000010000000
0009000001000000
0000900000100000
0000090000010000
0000009000001000
0000000900000100
9000000000000010
0000000011111111
0000000022222222
0000000011111111
0000900020000000
0000090030000000
0000009002000000
0000000903000000
9000000000200000
0900000000300000
0090000000020000
0900000000030000
0090000000002000
0009000000003000
0000900000000200
0009000000000300
0000900000000020
0000090000000030
0000009000000002
0000090000000003
0000009020000000
L2
090000001111111100000000
0090000020000000
0009000002000000
0000900000200000
0000090000020000
0000009000002000
0000000900000200
9000000000000020
0900000000000002
0090000010000000
0009000001000000
0000900000100000
0000090000010000
0000009000001000
0000000900000100
9000000000000010
0000000011111111
0000000022222222
0000000011111111
0000900020000000
0000090030000000
0000009002000000
0000000903000000
9000000000200000
0900000000300000
0090000000020000
0900000000030000
0090000000002000
0009000000003000
0000900000000200
0009000000000300
0000900000000020
0000090000000030
0000009000000002
0000090000000003
0000009020000000
L3
090000001111111100000000
0090000020000000
0009000002000000
0000900000200000
0000090000020000
0000009000002000
0000000900000200
9000000000000020
0900000000000002
0090000010000000
0009000001000000
0000900000100000
0000090000010000
0000009000001000
0000000900000100
9000000000000010
0000000011111111
0000000022222222
0000000011111111
0000900020000000
0000090030000000
0000009002000000
0000000903000000
9000000000200000
0900000000300000
0090000000020000
0900000000030000
0090000000002000
0009000000003000
0000900000000200
0009000000000300
0000900000000020
0000090000000030
0000009000000002
0000090000000003
0000009020000000
L4
090000001111111100000000
0090000020000000
0009000002000000
0000900000200000
0000090000020000
0000009000002000
0000000900000200
9000000000000020
0900000000000002
0090000010000000
0009000001000000
0000900000100000
0000090000010000
0000009000001000
0000000900000100
9000000000000010
0000000011111111
0000000022222222
0000000011111111
0000900020000000
0000090030000000
0000009002000000
0000000903000000
9000000000200000
0900000000300000
0090000000020000
0900000000030000
0090000000002000
0009000000003000
0000900000000200
0009000000000300
0000900000000020
0000090000000030
0000009000000002
0000090000000003
0000009020000000
L5
090000001111111100000000
0090000020000000
0009000002000000
0000900000200000
0000090000020000
0000009000002000
0000000900000200
9000000000000020
0900000000000002
0090000010000000
0009000001000000
0000900000100000
0000090000010000
0000009000001000
0000000900000100
9000000000000010
0000000011111111
0000000022222222
0000000011111111
0000900020000000
0000090030000000
0000009002000000
0000000903000000
9000000000200000
0900000000300000
0090000000020000
0900000000030000
0090000000002000
0009000000003000
0000900000000200
0009000000000300
0000900000000020
0000090000000030
0000009000000002
0000090000000003
0000009020000000
L6
090000001111111100000000
0090000020000000
0009000002000000
0000900000200000
0000090000020000
0000009000002000
0000000900000200
9000000000000020
0900000000000002
0090000010000000
0009000001000000
0000900000100000
0000090000010000
0000009000001000
0000000900000100
9000000000000010
0000000011111111
0000000022222222
0000000011111111
0000900020000000
0000090030000000
0000009002000000
0000000903000000
9000000000200000
0900000000300000
0090000000020000
0900000000030000
0090000000002000
0009000000003000
0000900000000200
0009000000000300
0000900000000020
0000090000000030
0000009000000002
0000090000000003
0000009020000000
L7
090000001111111100000000
0090000020000000
0009000002000000
0000900000200000
0000090000020000
0000009000002000
0000000900000200
9000000000000020
0900000000000002
0090000010000000
0009000001000000
0000900000100000
0000090000010000
0000009000001000
0000000900000100
9000000000000010
0000000011111111
0000000022222222
0000000011111111
0000900020000000
0000090030000000
0000009002000000
0000000903000000
9000000000200000
0900000000300000
0090000000020000
0900000000030000
0090000000002000
0009000000003000
0000900000000200
0009000000000300
0000900000000020
0000090000000030
0000009000000002
0000090000000003
0000009020000000
seq4
090000001111111105000050
0090000020000000
0009000002000000
0000900000200000
0000090000020000
0000009000002000
0000000900000200
9000000000000020
0900000000000002
0090000010000000
0009000001000000
0000900000100000
0000090000010000
0000009000001000
0000000900000100
9000000000000010
0000000011111111
0000000022222222
0000000011111111
0000900020000000
0000090030000000
0000009002000000
0000000903000000
9000000000200000
0900000000300000
0090000000020000
0900000000030000
0090000000002000
0009000000003000
0000900000000200
0009000000000300
0000900000000020
0000090000000030
0000009000000002
0000090000000003
0000009020000000
L2
090000001111111105000050
0090000020000000
0009000002000000
0000900000200000
0000090000020000
0000009000002000
0000000900000200
9000000000000020
0900000000000002
0090000010000000
0009000001000000
0000900000100000
0000090000010000
0000009000001000
0000000900000100
9000000000000010
0000000011111111
0000000022222222
0000000011111111
0000900020000000
0000090030000000
0000009002000000
0000000903000000
9000000000200000
0900000000300000
0090000000020000
0900000000030000
0090000000002000
0009000000003000
0000900000000200
0009000000000300
0000900000000020
0000090000000030
0000009000000002
0000090000000003
0000009020000000
L3
090000001111111105000050
0090000020000000
0009000002000000
0000900000200000
0000090000020000
0000009000002000
0000000900000200
9000000000000020
0900000000000002
0090000010000000
0009000001000000
0000900000100000
0000090000010000
0000009000001000
0000000900000100
9000000000000010
0000000011111111
0000000022222222
0000000011111111
0000900020000000
0000090030000000
0000009002000000
0000000903000000
9000000000200000
0900000000300000
0090000000020000
0900000000030000
0090000000002000
0009000000003000
0000900000000200
0009000000000300
0000900000000020
0000090000000030
0000009000000002
0000090000000003
0000009020000000
L4
090000001111111105000050
0090000020000000
0009000002000000
0000900000200000
0000090000020000
0000009000002000
0000000900000200
9000000000000020
0900000000000002
0090000010000000
0009000001000000
0000900000100000
0000090000010000
0000009000001000
0000000900000100
9000000000000010
0000000011111111
0000000022222222
0000000011111111
0000900020000000
0000090030000000
0000009002000000
0000000903000000
9000000000200000
0900000000300000
0090000000020000
0900000000030000
0090000000002000
0009000000003000
0000900000000200
0009000000000300
0000900000000020
0000090000000030
0000009000000002
0000090000000003
0000009020000000
L5
090000001111111105000050
0090000020000000
0009000002000000
0000900000200000
0000090000020000
0000009000002000
0000000900000200
9000000000000020
0900000000000002
0090000010000000
0009000001000000
0000900000100000
0000090000010000
0000009000001000
0000000900000100
9000000000000010
0000000011111111
0000000022222222
0000000011111111
0000900020000000
0000090030000000
0000009002000000
0000000903000000
9000000000200000
0900000000300000
0090000000020000
0900000000030000
0090000000002000
0009000000003000
0000900000000200
0009000000000300
0000900000000020
0000090000000030
0000009000000002
0000090000000003
0000009020000000
seqbassIn
090000001111111105000050
0090000520000000
0009000102000000
0000900500200000
0000090100020000
0000009500002000
0000000900000200
9005000000000020
0905000000000002
0090000010000000
0009000001000000
0000900000100000
1000090000010000
5000009000001000
0000000900000100
9000000000000010
0000000011111111
0000000022222222
0000000011111111
0050900020000000
0010090030000000
0050009002000000
0000000903000000
9000050000200000
0900000000300000
0090000000020000
0900000000030000
0090000000002000
0009000000003000
0000900000000200
0109000000000300
0200900000000020
0300090000000030
0400009000000002
0000090000000003
0200009020000000
L2
090000001111111105000050
0090000520000000
0009000102000000
0000900500200000
0000090100020000
0000009500002000
0000000900000200
9005000000000020
0905000000000002
0090000010000000
0009000001000000
0000900000100000
1000090000010000
5000009000001000
0000000900000100
9000000000000010
0000000011111111
0000000022222222
0000000011111111
0050900020000000
0010090030000000
0050009002000000
0000000903000000
9000050000200000
0900000000300000
0090000000020000
0900000000030000
0090000000002000
0009000000003000
0000900000000200
0109000000000300
0200900000000020
0300090000000030
0400009000000002
0000090000000003
0200009020000000
L3
090000001111111105000050
0090000520000000
0009000102000000
0000900500200000
0000090100020000
0000009500002000
0000000900000200
9005000000000020
0905000000000002
0090000010000000
0009000001000000
0000900000100000
1000090000010000
5000009000001000
0000000900000100
9000000000000010
0000000011111111
0000000022222222
0000000011111111
0050900020000000
0010090030000000
0050009002000000
0000000903000000
9000050000200000
0900000000300000
0090000000020000
0900000000030000
0090000000002000
0009000000003000
0000900000000200
0109000000000300
0200900000000020
0300090000000030
0400009000000002
0000090000000003
0200009020000000
L4
090000001111111105000050
0090000520000000
0009000102000000
0000900500200000
0000090100020000
0000009500002000
0000000900000200
9005000000000020
0905000000000002
0090000010000000
0009000001000000
0000900000100000
1000090000010000
5000009000001000
0000000900000100
9000000000000010
0000000011111111
0000000022222222
0000000011111111
0050900020000000
0010090030000000
0050009002000000
0000000903000000
9000050000200000
0900000000300000
0090000000020000
0900000000030000
0090000000002000
0009000000003000
0000900000000200
0109000000000300
0200900000000020
0300090000000030
0400009000000002
0000090000000003
0200009020000000
L5
090000001111111105000050
0090000520000000
0009000102000000
0000900500200000
0000090100020000
0000009500002000
0000000900000200
9005000000000020
0905000000000002
0090000010000000
0009000001000000
0000900000100000
1000090000010000
5000009000001000
0000000900000100
9000000000000010
0000000011111111
0000000022222222
0000000011111111
0050900020000000
0010090030000000
0050009002000000
0000000903000000
9000050000200000
0900000000300000
0090000000020000
0900000000030000
0090000000002000
0009000000003000
0000900000000200
0109000000000300
0200900000000020
0300090000000030
0400009000000002
0000090000000003
0200009020000000
seqLessBlue
090000001111111105000000
0090000520000000
0009000102000000
0000900500200000
0000090100020000
0000009500002000
0000000900000200
9005000000000020
0905000000000002
0090000010000000
0009000001000000
0000900000100000
1000090000010000
5000009000001000
0000000900000100
9000000000000010
0000000011111111
0000000022222222
0000000011111111
0050900020000000
0010090030000000
0050009002000000
0000000903000000
9000050000200000
0900000000300000
0090000000020000
0900000000030000
0090000000002000
0009000000003000
0000900000000200
0109000000000300
0200900000000020
0300090000000030
0400009000000002
0000090000000003
0200009020000000
L2
090000001111111105000000
0090000520000000
0009000102000000
0000900500200000
0000090100020000
0000009500002000
0000000900000200
9005000000000020
0905000000000002
0090000010000000
0009000001000000
0000900000100000
1000090000010000
5000009000001000
0000000900000100
9000000000000010
0000000011111111
0000000022222222
0000000011111111
0050900020000000
0010090030000000
0050009002000000
0000000903000000
9000050000200000
0900000000300000
0090000000020000
0900000000030000
0090000000002000
0009000000003000
0000900000000200
0109000000000300
0200900000000020
0300090000000030
0400009000000002
0000090000000003
0200009020000000
L3
090000001111111105000000
0090000520000000
0009000102000000
0000900500200000
0000090100020000
0000009500002000
0000000900000200
9005000000000020
0905000000000002
0090000010000000
0009000001000000
0000900000100000
1000090000010000
5000009000001000
0000000900000100
9000000000000010
0000000011111111
0000000022222222
0000000011111111
0050900020000000
0010090030000000
0050009002000000
0000000903000000
9000050000200000
0900000000300000
0090000000020000
0900000000030000
0090000000002000
0009000000003000
0000900000000200
0109000000000300
0200900000000020
0300090000000030
0400009000000002
0000090000000003
0200009020000000
L4
090000001111111105000000
0090000520000000
0009000102000000
0000900500200000
0000090100020000
0000009500002000
0000000900000200
9005000000000020
0905000000000002
0090000010000000
0009000001000000
0000900000100000
1000090000010000
5000009000001000
0000000900000100
9000000000000010
0000000011111111
0000000022222222
0000000011111111
0050900020000000
0010090030000000
0050009002000000
0000000903000000
9000050000200000
0900000000300000
0090000000020000
0900000000030000
0090000000002000
0009000000003000
0000900000000200
0109000000000300
0200900000000020
0300090000000030
0400009000000002
0000090000000003
0200009020000000
L5
090000001111111105000000
0090000520000000
0009000102000000
0000900500200000
0000090100020000
0000009500002000
0000000900000200
9005000000000020
0905000000000002
0090000010000000
0009000001000000
0000900000100000
1000090000010000
5000009000001000
0000000900000100
9000000000000010
0000000011111111
0000000022222222
0000000011111111
0050900020000000
0010090030000000
0050009002000000
0000000903000000
9000050000200000
0900000000300000
0090000000020000
0900000000030000
0090000000002000
0009000000003000
0000900000000200
0109000000000300
0200900000000020
0300090000000030
0400009000000002
0000090000000003
0200009020000000
seqAllWithoutBlue
090000001111111100000000
0090000520000000
0009000102000000
0000900500200000
0000090100020000
0000009500002000
0000000900000200
9005000000000020
0905000000000002
0090000010000000
0009000001000000
0000900000100000
1000090000010000
5000009000001000
0000000900000100
9000000000000010
0000000011111111
0000000022222222
0000000011111111
0050900020000000
0010090030000000
0050009002000000
0000000903000000
9000050000200000
0900000000300000
0090000000020000
0900000000030000
0090000000002000
0009000000003000
0000900000000200
0109000000000300
0200900000000020
0300090000000030
0400009000000002
0000090000000003
0200009020000000
L2
090000001111111100000000
0090000520000000
0009000102000000
0000900500200000
0000090100020000
0000009500002000
0000000900000200
9005000000000020
0905000000000002
0090000010000000
0009000001000000
0000900000100000
1000090000010000
5000009000001000
0000000900000100
9000000000000010
0000000011111111
0000000022222222
0000000011111111
0050900020000000
0010090030000000
0050009002000000
0000000903000000
9000050000200000
0900000000300000
0090000000020000
0900000000030000
0090000000002000
0009000000003000
0000900000000200
0109000000000300
0200900000000020
0300090000000030
0400009000000002
0000090000000003
0200009020000000
L3
090000001111111100000000
0090000520000000
0009000102000000
0000900500200000
0000090100020000
0000009500002000
0000000900000200
9005000000000020
0905000000000002
0090000010000000
0009000001000000
0000900000100000
1000090000010000
5000009000001000
0000000900000100
9000000000000010
0000000011111111
0000000022222222
0000000011111111
0050900020000000
0010090030000000
0050009002000000
0000000903000000
9000050000200000
0900000000300000
0090000000020000
0900000000030000
0090000000002000
0009000000003000
0000900000000200
0109000000000300
0200900000000020
0300090000000030
0400009000000002
0000090000000003
0200009020000000
L4
090000001111111100000000
0090000520000000
0009000102000000
0000900500200000
0000090100020000
0000009500002000
0000000900000200
9005000000000020
0905000000000002
0090000010000000
0009000001000000
0000900000100000
1000090000010000
5000009000001000
0000000900000100
9000000000000010
0000000011111111
0000000022222222
0000000011111111
0050900020000000
0010090030000000
0050009002000000
0000000903000000
9000050000200000
0900000000300000
0090000000020000
0900000000030000
0090000000002000
0009000000003000
0000900000000200
0109000000000300
0200900000000020
0300090000000030
0400009000000002
0000090000000003
0200009020000000
L5
090000001111111100000000
0090000520000000
0009000102000000
0000900500200000
0000090100020000
0000009500002000
0000000900000200
9005000000000020
0905000000000002
0090000010000000
0009000001000000
0000900000100000
1000090000010000
5000009000001000
0000000900000100
9000000000000010
0000000011111111
0000000022222222
0000000011111111
0050900020000000
0010090030000000
0050009002000000
0000000903000000
9000050000200000
0900000000300000
0090000000020000
0900000000030000
0090000000002000
0009000000003000
0000900000000200
0109000000000300
0200900000000020
0300090000000030
0400009000000002
0000090000000003
0200009020000000
seqBeatsOut
000000001111111100000000
0000000520000000
0000000102000000
0000000500200000
0000000100020000
0000000500002000
0000000000000200
0005000000000020
0005000000000002
0000000010000000
0000000001000000
0000000000100000
1000000000010000
5000000000001000
0000000000000100
0000000000000010
0000000011111111
0000000022222222
0000000011111111
0050000020000000
0010000030000000
0050000002000000
0000000003000000
0000050000200000
0000000000300000
0000000000020000
0000000000030000
0000000000002000
0000000000003000
0000000000000200
0100000000000300
0200000000000020
0300000000000030
0400000000000002
0000000000000003
0200000020000000
L2
000000001111111100000000
0000000520000000
0000000102000000
0000000500200000
0000000100020000
0000000500002000
0000000000000200
0005000000000020
0005000000000002
0000000010000000
0000000001000000
0000000000100000
1000000000010000
5000000000001000
0000000000000100
0000000000000010
0000000011111111
0000000022222222
0000000011111111
0050000020000000
0010000030000000
0050000002000000
0000000003000000
0000050000200000
0000000000300000
0000000000020000
0000000000030000
0000000000002000
0000000000003000
0000000000000200
0100000000000300
0200000000000020
0300000000000030
0400000000000002
0000000000000003
0200000020000000
L3
000000001111111100000000
0000000520000000
0000000102000000
0000000500200000
0000000100020000
0000000500002000
0000000000000200
0005000000000020
0005000000000002
0000000010000000
0000000001000000
0000000000100000
1000000000010000
5000000000001000
0000000000000100
0000000000000010
0000000011111111
0000000022222222
0000000011111111
0050000020000000
0010000030000000
0050000002000000
0000000003000000
0000050000200000
0000000000300000
0000000000020000
0000000000030000
0000000000002000
0000000000003000
0000000000000200
0100000000000300
0200000000000020
0300000000000030
0400000000000002
0000000000000003
0200000020000000
seqSomeGreenOut
000000000000000000000000
0000000520000000
0000000102000000
0000000500200000
0000000100020000
0000000500002000
0000000000000200
0005000000000020
0005000000000002
0000000010000000
0000000001000000
0000000000100000
1000000000010000
5000000000001000
0000000000000100
0000000000000010
0000000000000000
0000000000000000
0000000000000000
0050000020000000
0010000030000000
0050000002000000
0000000003000000
0000050000200000
0000000000300000
0000000000020000
0000000000030000
0000000000002000
0000000000003000
0000000000000200
0100000000000300
0200000000000020
0300000000000030
0400000000000002
0000000000000003
0200000020000000
L2
000000000000000000000000
0000000520000000
0000000102000000
0000000500200000
0000000100020000
0000000500002000
0000000000000200
0005000000000020
0005000000000002
0000000010000000
0000000001000000
0000000000100000
1000000000010000
5000000000001000
0000000000000100
0000000000000010
0000000000000000
0000000000000000
0000000000000000
0050000020000000
0010000030000000
0050000002000000
0000000003000000
0000050000200000
0000000000300000
0000000000020000
0000000000030000
0000000000002000
0000000000003000
0000000000000200
0100000000000300
0200000000000020
0300000000000030
0400000000000002
0000000000000003
0200000020000000
L3
000000000000000000000000
0000000520000000
0000000102000000
0000000500200000
0000000100020000
0000000500002000
0000000000000200
0005000000000020
0005000000000002
0000000010000000
0000000001000000
0000000000100000
1000000000010000
5000000000001000
0000000000000100
0000000000000010
0000000000000000
0000000000000000
0000000000000000
0050000020000000
0010000030000000
0050000002000000
0000000003000000
0000050000200000
0000000000300000
0000000000020000
0000000000030000
0000000000002000
0000000000003000
0000000000000200
0100000000000300
0200000000000020
0300000000000030
0400000000000002
0000000000000003
0200000020000000
seqJustBass
000000000000000000000000
0000000500000000
0000000100000000
0000000500000000
0000000100000000
0000000500000000
0000000000000000
0005000000000000
0005000000000000
0000000000000000
0000000000000000
0000000000000000
1000000000000000
5000000000000000
0000000000000000
0000000000000000
0000000000000000
0000000000000000
0000000000000000
0050000000000000
0010000000000000
0050000000000000
0000000000000000
0000050000000000
0000000000000000
0000000000000000
0000000000000000
0000000000000000
0000000000000000
0000000000000000
0100000000000000
0200000000000000
0300000000000000
0400000000000000
0000000000000000
0200000000000000
L2
000000000000000000000000
0000000500000000
0000000100000000
0000000500000000
0000000100000000
0000000500000000
0000000000000000
0005000000000000
0005000000000000
0000000000000000
0000000000000000
0000000000000000
1000000000000000
5000000000000000
0000000000000000
0000000000000000
0000000000000000
0000000000000000
0000000000000000
0050000000000000
0010000000000000
0050000000000000
0000000000000000
0000050000000000
0000000000000000
0000000000000000
0000000000000000
0000000000000000
0000000000000000
0000000000000000
0100000000000000
0200000000000000
0300000000000000
0400000000000000
0000000000000000
0200000000000000
L3
000000000000000000000000
0000000500000000
0000000100000000
0000000500000000
0000000100000000
0000000500000000
0000000000000000
0005000000000000
0005000000000000
0000000000000000
0000000000000000
0000000000000000
1000000000000000
5000000000000000
0000000000000000
0000000000000000
0000000000000000
0000000000000000
0000000000000000
0050000000000000
0010000000000000
0050000000000000
0000000000000000
0000050000000000
0000000000000000
0000000000000000
0000000000000000
0000000000000000
0000000000000000
0000000000000000
0100000000000000
0200000000000000
0300000000000000
0400000000000000
0000000000000000
0200000000000000
seqbeatsnbass
090000000000000000000000
0090000500000000
0009000100000000
0000900500000000
0000090100000000
0000009500000000
0000000900000000
9005000000000000
0905000000000000
0090000000000000
0009000000000000
0000900000000000
1000090000000000
5000009000000000
0000000900000000
9000000000000000
0000000000000000
0000000000000000
0000000000000000
0050900000000000
0010090000000000
0050009000000000
0000000900000000
9000050000000000
0900000000000000
0090000000000000
0900000000000000
0090000000000000
0009000000000000
0000900000000000
0109000000000000
0200900000000000
0300090000000000
0400009000000000
0000090000000000
0200009000000000
L2
090000000000000000000000
0090000500000000
0009000100000000
0000900500000000
0000090100000000
0000009500000000
0000000900000000
9005000000000000
0905000000000000
0090000000000000
0009000000000000
0000900000000000
1000090000000000
5000009000000000
0000000900000000
9000000000000000
0000000000000000
0000000000000000
0000000000000000
0050900000000000
0010090000000000
0050009000000000
0000000900000000
9000050000000000
0900000000000000
0090000000000000
0900000000000000
0090000000000000
0009000000000000
0000900000000000
0109000000000000
0200900000000000
0300090000000000
0400009000000000
0000090000000000
0200009000000000
L3
090000000000000000000000
0090000500000000
0009000100000000
0000900500000000
0000090100000000
0000009500000000
0000000900000000
9005000000000000
0905000000000000
0090000000000000
0009000000000000
0000900000000000
1000090000000000
5000009000000000
0000000900000000
9000000000000000
0000000000000000
0000000000000000
0000000000000000
0050900000000000
0010090000000000
0050009000000000
0000000900000000
9000050000000000
0900000000000000
0090000000000000
0900000000000000
0090000000000000
0009000000000000
0000900000000000
0109000000000000
0200900000000000
0300090000000000
0400009000000000
0000090000000000
0200009000000000
seqbluin
090000000000000005000000
0090000500000000
0009000100000000
0000900500000000
0000090100000000
0000009500000000
0000000900000000
9005000000000000
090500000000000008000000
0090000000000000
0009000000000000
0000900000000000
1000090000000000
5000009000000000
0000000900000000
9000000000000000
000000000000000001000000
0000000000000000
0000000000000000
0050900000000000
0010090000000000
0050009000000000
0000000900000000
9000050000000000
0900000000000000
0090000000000000
0900000000000000
0090000000000000
0009000000000000
0000900000000000
0109000000000000
020090000000000008000000
0300090000000000
0400009000000000
0000090000000000
020000900000000000000000
L2
090000000000000005000000
0090000500000000
0009000100000000
0000900500000000
0000090100000000
0000009500000000
0000000900000000
9005000000000000
090500000000000008000000
0090000000000000
0009000000000000
0000900000000000
1000090000000000
5000009000000000
0000000900000000
9000000000000000
000000000000000001000000
0000000000000000
0000000000000000
0050900000000000
0010090000000000
0050009000000000
0000000900000000
9000050000000000
0900000000000000
0090000000000000
0900000000000000
0090000000000000
0009000000000000
0000900000000000
0109000000000000
020090000000000008000000
0300090000000000
0400009000000000
0000090000000000
020000900000000000000000
L3
090000000000000005000000
0090000500000000
0009000100000000
0000900500000000
0000090100000000
0000009500000000
0000000900000000
9005000000000000
090500000000000008000000
0090000000000000
0009000000000000
0000900000000000
1000090000000000
5000009000000000
0000000900000000
9000000000000000
000000000000000001000000
0000000000000000
0000000000000000
0050900000000000
0010090000000000
0050009000000000
0000000900000000
9000050000000000
0900000000000000
0090000000000000
0900000000000000
0090000000000000
0009000000000000
0000900000000000
0109000000000000
020090000000000008000000
0300090000000000
0400009000000000
0000090000000000
020000900000000000000000
seqBringBackGreens
090000000000000005000000
0090000520000000
0009000103000000
0000900500400000
0000090100050000
0000009500006000
0000000900000700
9005000000000080
090500000000000108000000
0090000000000000
0009000000000000
0000900000000000
1000090000000000
5000009000000000
0000000900000000
9000000000000000
000000000000000001000000
0000000000000000
0000000000000000
0050900000000000
0010090070000000
0050009080000000
0000000905000000
9000050006000000
0900000000300000
0090000000400000
0900000000010000
0090000000020000
0009000000007000
0000900000008000
0109000000000500
020090000000060008000000
0300090000000030
0400009000000041
0000090000000002
020000900200000000000000
L2
090000000000000005000000
0090000520000000
0009000103000000
0000900500400000
0000090100050000
0000009500006000
0000000900000700
9005000000000080
090500000000000108000000
0090000000000000
0009000000000000
0000900000000000
1000090000000000
5000009000000000
0000000900000000
9000000000000000
000000000000000001000000
0000000000000000
0000000000000000
0050900000000000
0010090070000000
0050009080000000
0000000905000000
9000050006000000
0900000000300000
0090000000400000
0900000000010000
0090000000020000
0009000000007000
0000900000008000
0109000000000500
020090000000060008000000
0300090000000030
0400009000000041
0000090000000002
020000900200000000000000
L3
090000000000000005000000
0090000520000000
0009000103000000
0000900500400000
0000090100050000
0000009500006000
0000000900000700
9005000000000080
090500000000000108000000
0090000000000000
0009000000000000
0000900000000000
1000090000000000
5000009000000000
0000000900000000
9000000000000000
000000000000000001000000
0000000000000000
0000000000000000
0050900000000000
0010090070000000
0050009080000000
0000000905000000
9000050006000000
0900000000300000
0090000000400000
0900000000010000
0090000000020000
0009000000007000
0000900000008000
0109000000000500
020090000000060008000000
0300090000000030
0400009000000041
0000090000000002
020000900200000000000000
seqfill
000000001000000000000000
0000000002000000
0000000001000000
0000000000200000
0000000000100000
0000000000020000
0000000000010000
0000000000002000
0000000000001000
0000000000000200
0000000000000100
0000000000000020
0000000000000010
0000000000000002
0000000011111111
0000000022222222
0000000033333333
0000000022222222
0000000011111111
0000000000000002
0000000011111111
0000000022222222
0000000033333333
0000000022222222
0000000011111111
0000000011111111
0000000022222222
0000000033333333
0000000022222222
0000000011111111
0000000000000002
0000000011111111
0000000022222222
0000000033333333
0000000022222222
0000000011111111
seqgap
000000000000000000000000
seqbringbackAll
090000001111111199999999
009000052000000099999999
000900010200000099999999
000090050020000099999999
000009010002000000000000
000000950000200000000000
000000090000020000000000
900500000000002000000000
090500000000000299999999
009000001000000099999999
000900000100000099999999
000090000010000099999999
100009000001000000000000
500000900000100000000000
000000090000010000000000
900000000000001000000000
000000001111111199999999
000000002222222299999999
000000001111111199999999
000590002000000099999999
000109003000000000000000
000500900200000000000000
000000090300000000000000
900500000020000000000000
090000000030000099999999
009000000002000099999999
090000000003000099999999
009000000000200099999999
000900000000300000000000
000090000000020000000000
000900000000030000000000
000090000000002000000000
000009000000003099999999
000000900000000200000000
000009000000000399999999
000500902000000000000000
090000001111111100000000
L2
090000001111111199999999
009000052000000099999999
000900010200000099999999
000090050020000099999999
000009010002000000000000
000000950000200000000000
000000090000020000000000
900500000000002000000000
090500000000000299999999
009000001000000099999999
000900000100000099999999
000090000010000099999999
100009000001000000000000
500000900000100000000000
000000090000010000000000
900000000000001000000000
000000001111111199999999
000000002222222299999999
000000001111111199999999
000590002000000099999999
000109003000000000000000
000500900200000000000000
000000090300000000000000
900500000020000000000000
090000000030000099999999
009000000002000099999999
090000000003000099999999
009000000000200099999999
000900000000300000000000
000090000000020000000000
000900000000030000000000
000090000000002000000000
000009000000003099999999
000000900000000200000000
000009000000000399999999
000500902000000000000000
090000001111111100000000
L3
090000001111111199999999
009000052000000099999999
000900010200000099999999
000090050020000099999999
000009010002000000000000
000000950000200000000000
000000090000020000000000
900500000000002000000000
090500000000000299999999
009000001000000099999999
000900000100000099999999
000090000010000099999999
100009000001000000000000
500000900000100000000000
000000090000010000000000
900000000000001000000000
000000001111111199999999
000000002222222299999999
000000001111111199999999
000590002000000099999999
000109003000000000000000
000500900200000000000000
000000090300000000000000
900500000020000000000000
090000000030000099999999
009000000002000099999999
090000000003000099999999
009000000000200099999999
000900000000300000000000
000090000000020000000000
000900000000030000000000
000090000000002000000000
000009000000003099999999
000000900000000200000000
000009000000000399999999
000500902000000000000000
090000001111111100000000
L4
090000001111111199999999
009000052000000099999999
000900010200000099999999
000090050020000099999999
000009010002000000000000
000000950000200000000000
000000090000020000000000
900500000000002000000000
090500000000000299999999
009000001000000099999999
000900000100000099999999
000090000010000099999999
100009000001000000000000
500000900000100000000000
000000090000010000000000
900000000000001000000000
000000001111111199999999
000000002222222299999999
000000001111111199999999
000590002000000099999999
000109003000000000000000
000500900200000000000000
000000090300000000000000
900500000020000000000000
090000000030000099999999
009000000002000099999999
090000000003000099999999
009000000000200099999999
000900000000300000000000
000090000000020000000000
000900000000030000000000
000090000000002000000000
000009000000003099999999
000000900000000200000000
000009000000000399999999
000500902000000000000000
090000001111111100000000
L5
090000001111111199999999
009000052000000099999999
000900010200000099999999
000090050020000099999999
000009010002000000000000
000000950000200000000000
000000090000020000000000
900500000000002000000000
090500000000000299999999
009000001000000099999999
000900000100000099999999
000090000010000099999999
100009000001000000000000
500000900000100000000000
000000090000010000000000
900000000000001000000000
000000001111111199999999
000000002222222299999999
000000001111111199999999
000590002000000099999999
000109003000000000000000
000500900200000000000000
000000090300000000000000
900500000020000000000000
090000000030000099999999
009000000002000099999999
090000000003000099999999
009000000000200099999999
000900000000300000000000
000090000000020000000000
000900000000030000000000
000090000000002000000000
000009000000003099999999
000000900000000200000000
000009000000000399999999
000500902000000000000000
090000001111111100000000
seqAllBassKeyChange
0090000020000000
0009000002000000
0005900000200000
0001090000020000
0005009000002000
0000000900000200
9005000000000020
0905000000000002
0090000010000000
0009000001000000
0000900000100000
1001090000010000
5005009000001000
0000000900000100
9000000000000010
0000000011111111
0000000022222222
0000000011111111
0001900020000000
0005090030000000
0001009002000000
0000000903000000
9005000000200000
0900000000300000
0090000000020000
0900000000030000
0090000000002000
0009000000003000
0000900000000200
0109000000000300
0002900000000020
0003090000000030
0004009000000002
0000090000000003
0002009020000000
0090000020000000
0009000002000000
0005900000200000
0001090000020000
0005009000002000
0000000900000200
9005000000000020
0905000000000002
0090000010000000
0009000001000000
0000900000100000
1001090000010000
5005009000001000
0000000900000100
9000000000000010
0000000011111111
0000000022222222
0000000011111111
0001900020000000
0005090030000000
0001009002000000
0000000903000000
9005000000200000
0900000000300000
0090000000020000
0900000000030000
0090000000002000
0009000000003000
0000900000000200
0109000000000300
0002900000000020
0003090000000030
0004009000000002
0000090000000003
0002009020000000
0090000520000000
0009000102000000
0000900500200000
0000090100020000
0000009500002000
0000000900000200
9005000000000020
0905000000000002
0090000010000000
0009000001000000
0000900000100000
1000090000010000
5000009000001000
0000000900000100
9000000000000010
0000000011111111
0000000022222222
0000000011111111
0050900020000000
0010090030000000
0050009002000000
0000000903000000
9000050000200000
0900000000300000
0090000000020000
0900000000030000
0090000000002000
0009000000003000
0000900000000200
0109000000000300
0200900000000020
0300090000000030
0400009000000002
0000090000000003
0200009020000000
L2
0090000020000000
0009000002000000
0005900000200000
0001090000020000
0005009000002000
0000000900000200
9005000000000020
0905000000000002
0090000010000000
0009000001000000
0000900000100000
1001090000010000
5005009000001000
0000000900000100
9000000000000010
0000000011111111
0000000022222222
0000000011111111
0001900020000000
0005090030000000
0001009002000000
0000000903000000
9005000000200000
0900000000300000
0090000000020000
0900000000030000
0090000000002000
0009000000003000
0000900000000200
0109000000000300
0002900000000020
0003090000000030
0004009000000002
0000090000000003
0002009020000000
0090000020000000
0009000002000000
0005900000200000
0001090000020000
0005009000002000
0000000900000200
9005000000000020
0905000000000002
0090000010000000
0009000001000000
0000900000100000
1001090000010000
5005009000001000
0000000900000100
9000000000000010
0000000011111111
0000000022222222
0000000011111111
0001900020000000
0005090030000000
0001009002000000
0000000903000000
9005000000200000
0900000000300000
0090000000020000
0900000000030000
0090000000002000
0009000000003000
0000900000000200
0109000000000300
0002900000000020
0003090000000030
0004009000000002
0000090000000003
0002009020000000
0090000520000000
0009000102000000
0000900500200000
0000090100020000
0000009500002000
0000000900000200
9005000000000020
0905000000000002
0090000010000000
0009000001000000
0000900000100000
1000090000010000
5000009000001000
0000000900000100
9000000000000010
0000000011111111
0000000022222222
0000000011111111
0050900020000000
0010090030000000
0050009002000000
0000000903000000
9000050000200000
0900000000300000
0090000000020000
0900000000030000
0090000000002000
0009000000003000
0000900000000200
0109000000000300
0200900000000020
0300090000000030
0400009000000002
0000090000000003
0200009020000000
L3
0090000020000000
0009000002000000
0005900000200000
0001090000020000
0005009000002000
0000000900000200
9005000000000020
0905000000000002
0090000010000000
0009000001000000
0000900000100000
1001090000010000
5005009000001000
0000000900000100
9000000000000010
0000000011111111
0000000022222222
0000000011111111
0001900020000000
0005090030000000
0001009002000000
0000000903000000
9005000000200000
0900000000300000
0090000000020000
0900000000030000
0090000000002000
0009000000003000
0000900000000200
0109000000000300
0002900000000020
0003090000000030
0004009000000002
0000090000000003
0002009020000000
0090000020000000
0009000002000000
0005900000200000
0001090000020000
0005009000002000
0000000900000200
9005000000000020
0905000000000002
0090000010000000
0009000001000000
0000900000100000
1001090000010000
5005009000001000
0000000900000100
9000000000000010
0000000011111111
0000000022222222
0000000011111111
0001900020000000
0005090030000000
0001009002000000
0000000903000000
9005000000200000
0900000000300000
0090000000020000
0900000000030000
0090000000002000
0009000000003000
0000900000000200
0109000000000300
0002900000000020
0003090000000030
0004009000000002
0000090000000003
0002009020000000
0090000520000000
0009000102000000
0000900500200000
0000090100020000
0000009500002000
0000000900000200
9005000000000020
0905000000000002
0090000010000000
0009000001000000
0000900000100000
1000090000010000
5000009000001000
0000000900000100
9000000000000010
0000000011111111
0000000022222222
0000000011111111
0050900020000000
0010090030000000
0050009002000000
0000000903000000
9000050000200000
0900000000300000
0090000000020000
0900000000030000
0090000000002000
0009000000003000
0000900000000200
0109000000000300
0200900000000020
0300090000000030
0400009000000002
0000090000000003
0200009020000000
seqBeatsOut
000000001111111100000000
0000000520000000
0000000102000000
0000000500200000
0000000100020000
0000000500002000
0000000000000200
0005000000000020
0005000000000002
0000000010000000
0000000001000000
0000000000100000
1000000000010000
5000000000001000
0000000000000100
0000000000000010
0000000011111111
0000000022222222
0000000011111111
0005000020000000
0001000030000000
0005000002000000
0000000003000000
0005000000200000
0000000000300000
0000000000020000
0000000000030000
0000000000002000
0000000000003000
0000000000000200
0000000000000300
0000000000000020
0000000000000030
0000000000000002
0000000000000003
0005000020000000
L2
000000001111111100000000
0000000520000000
0000000102000000
0000000500200000
0000000100020000
0000000500002000
0000000000000200
0005000000000020
0005000000000002
0000000010000000
0000000001000000
0000000000100000
1000000000010000
5000000000001000
0000000000000100
0000000000000010
0000000011111111
0000000022222222
0000000011111111
0005000020000000
0001000030000000
0005000002000000
0000000003000000
0005000000200000
0000000000300000
0000000000020000
0000000000030000
0000000000002000
0000000000003000
0000000000000200
0000000000000300
0000000000000020
0000000000000030
0000000000000002
0000000000000003
0005000020000000
L3
000000001111111100000000
0000000520000000
0000000102000000
0000000500200000
0000000100020000
0000000500002000
0000000000000200
0005000000000020
0005000000000002
0000000010000000
0000000001000000
0000000000100000
1000000000010000
5000000000001000
0000000000000100
0000000000000010
0000000011111111
0000000022222222
0000000011111111
0005000020000000
0001000030000000
0005000002000000
0000000003000000
0005000000200000
0000000000300000
0000000000020000
0000000000030000
0000000000002000
0000000000003000
0000000000000200
0000000000000300
0000000000000020
0000000000000030
0000000000000002
0000000000000003
0005000020000000
seqMostBassOut
000000001111111100000000
0000000020000000
0000000002000000
0000000000200000
0000000000020000
0000000000002000
0000000000000200
0005000000000020
0005000000000002
0000000010000000
0000000001000000
0000000000100000
0000000000010000
0000000000001000
0000000000000100
0000000000000010
0000000011111111
0000000022222222
0000000011111111
0005000020000000
0001000030000000
0005000002000000
0000000003000000
0005000000200000
0000000000300000
0000000000020000
0000000000030000
0000000000002000
0000000000003000
0000000000000200
0000000000000300
0000000000000020
0000000000000030
0000000000000002
0000000000000003
0005000020000000
L2
000000001111111100000000
0000000020000000
0000000002000000
0000000000200000
0000000000020000
0000000000002000
0000000000000200
0005000000000020
0005000000000002
0000000010000000
0000000001000000
0000000000100000
0000000000010000
0000000000001000
0000000000000100
0000000000000010
0000000011111111
0000000022222222
0000000011111111
0005000020000000
0001000030000000
0005000002000000
0000000003000000
0005000000200000
0000000000300000
0000000000020000
0000000000030000
0000000000002000
0000000000003000
0000000000000200
0000000000000300
0000000000000020
0000000000000030
0000000000000002
0000000000000003
0005000020000000
L3
000000001111111100000000
0000000020000000
0000000002000000
0000000000200000
0000000000020000
0000000000002000
0000000000000200
0005000000000020
0005000000000002
0000000010000000
0000000001000000
0000000000100000
0000000000010000
0000000000001000
0000000000000100
0000000000000010
0000000011111111
0000000022222222
0000000011111111
0005000020000000
0001000030000000
0005000002000000
0000000003000000
0005000000200000
0000000000300000
0000000000020000
0000000000030000
0000000000002000
0000000000003000
0000000000000200
0000000000000300
0000000000000020
0000000000000030
0000000000000002
0000000000000003
0005000020000000
seqJustGreens
000000001111111100000000
0000000020000000
0000000002000000
0000000000200000
0000000000020000
0000000000002000
0000000000000200
0000000000000020
0000000000000002
0000000010000000
0000000001000000
0000000000100000
0000000000010000
0000000000001000
0000000000000100
0000000000000010
0000000011111111
0000000022222222
0000000011111111
0000000020000000
0000000030000000
0000000002000000
0000000003000000
0000000000200000
0000000000300000
0000000000020000
0000000000030000
0000000000002000
0000000000003000
0000000000000200
0000000000000300
0000000000000020
0000000000000030
0000000000000002
0000000000000003
0000000020000000
L2
000000001111111100000000
0000000020000000
0000000002000000
0000000000200000
0000000000020000
0000000000002000
0000000000000200
0000000000000020
0000000000000002
0000000010000000
0000000001000000
0000000000100000
0000000000010000
0000000000001000
0000000000000100
0000000000000010
0000000011111111
0000000022222222
0000000011111111
0000000020000000
0000000030000000
0000000002000000
0000000003000000
0000000000200000
0000000000300000
0000000000020000
0000000000030000
0000000000002000
0000000000003000
0000000000000200
0000000000000300
0000000000000020
0000000000000030
0000000000000002
0000000000000003
0000000020000000
L3
000000001111111100000000
0000000020000000
0000000002000000
0000000000200000
0000000000020000
0000000000002000
0000000000000200
0000000000000020
0000000000000002
0000000010000000
0000000001000000
0000000000100000
0000000000010000
0000000000001000
0000000000000100
0000000000000010
0000000011111111
0000000022222222
0000000011111111
0000000020000000
0000000030000000
0000000002000000
0000000003000000
0000000000200000
0000000000300000
0000000000020000
0000000000030000
0000000000002000
0000000000003000
0000000000000200
0000000000000300
0000000000000020
0000000000000030
0000000000000002
0000000000000003
0000000020000000
seq2slowdown
000000001000000000000000
0000000002000000
0000000001000000
0000000000200000
0000000000100000
0000000000020000
0000000000010000
0000000000002000
0000000000001000
0000000000000200
0000000000000100
0000000000000020
0000000000000010
0000000000000002
0000000011111111
0000000022222222
0000000033333333
0000000022222222
0000000011111111
0000000020000000
0000000030000000
0000000040000000
0000000002000000
0000000003000000
0000000004000000
0000000000200000
0000000000300000
0000000000400000
0000000000020000
0000000000030000
0000000000040000
0000000000002000
0000000000003000
0000000000004000
0000000000000200
0000000000000300
0000000000000400
0000000000000020
0000000000000030
0000000000000040
0000000000000002
0000000000000003
0000000000000004
0000000030000000
0000000020000000
0000000010000000
0000000003000000
0000000002000000
0000000001000000
0000000000300000
0000000000200000
0000000000100000
0000000000030000
0000000000020000
0000000000010000
0000000000003000
0000000000002000
0000000000001000
0000000000000300
0000000000000200
0000000000000100
0000000000000030
0000000000000020
0000000000000010
0000000000000003
0000000000000002
0000000011111111
0000000022222222
0000000033333333
0000000044444444
0000000033333333
0000000022222222
0000000011111111
0000000020000000
0000000030000000
0000000040000000
0000000050000000
0000000002000000
0000000003000000
0000000004000000
0000000005000000
0000000000200000
0000000000300000
0000000000400000
0000000000500000
0000000000020000
0000000000030000
0000000000040000
0000000000050000
0000000000002000
0000000000003000
0000000000004000
0000000000005000
0000000000000200
0000000000000300
0000000000000400
0000000000000500
0000000000000020
0000000000000030
0000000000000040
0000000000000050
0000000000000002
0000000000000003
0000000000000004
0000000000000005
0000000040000000
0000000030000000
0000000020000000
0000000010000000
0000000004000000
0000000003000000
0000000002000000
0000000001000000
0000000000400000
0000000000300000
0000000000200000
0000000000100000
0000000000040000
0000000000030000
0000000000020000
0000000000010000
0000000000004000
0000000000003000
0000000000002000
0000000000001000
0000000000000400
0000000000000300
0000000000000200
0000000000000100
0000000000000040
0000000000000030
0000000000000020
0000000000000010
0000000000000004
0000000000000003
0000000000000002
0000000011111111
0000000022222222
0000000033333333
0000000044444444
0000000055555555
0000000044444444
0000000033333333
0000000022222222
0000000011111111
0000000020000000
0000000030000000
0000000040000000
0000000050000000
0000000060000000
0000000002000000
0000000003000000
0000000004000000
0000000005000000
0000000006000000
0000000000200000
0000000000300000
0000000000400000
0000000000500000
0000000000600000
0000000000020000
0000000000030000
0000000000040000
0000000000050000
0000000000060000
0000000000002000
0000000000003000
0000000000004000
0000000000005000
0000000000006000
0000000000000200
0000000000000300
0000000000000400
0000000000000500
0000000000000600
0000000000000020
0000000000000030
0000000000000040
0000000000000050
0000000000000060
0000000000000002
0000000000000003
0000000000000004
0000000000000005
0000000000000006
0000000050000000
0000000040000000
0000000030000000
0000000020000000
0000000010000000
0000000005000000
0000000004000000
0000000003000000
0000000002000000
0000000001000000
0000000000500000
0000000000400000
0000000000300000
0000000000200000
0000000000100000
0000000000050000
0000000000040000
0000000000030000
0000000000020000
0000000000010000
0000000000005000
0000000000004000
0000000000003000
0000000000002000
0000000000001000
0000000000000500
0000000000000400
0000000000000300
0000000000000200
0000000000000100
0000000000000050
0000000000000040
0000000000000030
0000000000000020
0000000000000010
0000000000000005
0000000000000004
0000000000000003
0000000000000002
0000000011111111
0000000022222222
0000000033333333
0000000044444444
0000000055555555
0000000066666666
0000000055555555
0000000044444444
0000000033333333
0000000022222222
0000000011111111
0000000020000000
0000000030000000
0000000040000000
0000000050000000
0000000060000000
0000000070000000
0000000002000000
0000000003000000
0000000004000000
0000000005000000
0000000006000000
0000000007000000
0000000000200000
0000000000300000
0000000000400000
0000000000500000
0000000000600000
0000000000700000
0000000000020000
0000000000030000
0000000000040000
0000000000050000
0000000000060000
0000000000070000
0000000000002000
0000000000003000
0000000000004000
0000000000005000
0000000000006000
0000000000007000
0000000000000200
0000000000000300
0000000000000400
0000000000000500
0000000000000600
0000000000000700
0000000000000020
0000000000000030
0000000000000040
0000000000000050
0000000000000060
0000000000000070
0000000000000002
0000000000000003
0000000000000004
0000000000000005
0000000000000006
0000000000000007
0000000060000000
0000000050000000
0000000040000000
0000000030000000
0000000020000000
0000000010000000
0000000006000000
0000000005000000
0000000004000000
0000000003000000
0000000002000000
0000000001000000
0000000000600000
0000000000500000
0000000000400000
0000000000300000
0000000000200000
0000000000100000
0000000000060000
0000000000050000
0000000000040000
0000000000030000
0000000000020000
0000000000010000
0000000000006000
0000000000005000
0000000000004000
0000000000003000
0000000000002000
0000000000001000
0000000000000600
0000000000000500
0000000000000400
0000000000000300
0000000000000200
0000000000000100
0000000000000060
0000000000000050
0000000000000040
0000000000000030
0000000000000020
0000000000000010
0000000000000006
0000000000000005
0000000000000004
0000000000000003
0000000000000002
0000000011111111
0000000022222222
0000000033333333
0000000044444444
0000000055555555
0000000066666666
0000000077777777
0000000066666666
0000000055555555
0000000044444444
0000000033333333
0000000022222222
0000000011111111
0000000020000000
0000000030000000
0000000040000000
0000000050000000
0000000000000000
0000000070000000
0000000080000000
0000000002000000
0000000003000000
0000000004000000
0000000005000000
0000000006000000
0000000007000000
0000000008000000
0000000000200000
0000000000300000
0000000000400000
0000000000500000
0000000000600000
0000000000700000
0000000000800000
0000000000020000
0000000000030000
0000000000040000
0000000000050000
0000000000060000
0000000000070000
0000000000080000
0000000000002000
0000000000003000
0000000000004000
0000000000005000
0000000000006000
0000000000007000
0000000000008000
0000000000000200
0000000000000300
0000000000000400
0000000000000500
0000000000000600
0000000000000700
0000000000000800
0000000000000020
0000000000000030
0000000000000040
0000000000000050
0000000000000060
0000000000000070
0000000000000080
0000000000000002
0000000000000003
0000000000000004
0000000000000005
0000000000000006
0000000000000007
0000000000000008
0000000070000000
0000000060000000
0000000050000000
0000000040000000
0000000030000000
0000000020000000
0000000010000000
0000000007000000
0000000006000000
0000000005000000
0000000004000000
0000000003000000
0000000002000000
0000000001000000
0000000000700000
0000000000600000
0000000000500000
0000000000400000
0000000000300000
0000000000200000
0000000000100000
0000000000070000
0000000000060000
0000000000050000
0000000000040000
0000000000030000
0000000000020000
0000000000010000
0000000000007000
0000000000006000
0000000000005000
0000000000004000
0000000000003000
0000000000002000
0000000000001000
0000000000000700
0000000000000600
0000000000000500
0000000000000400
0000000000000300
0000000000000200
0000000000000100
0000000000000070
0000000000000060
0000000000000050
0000000000000040
0000000000000030
0000000000000020
0000000000000010
0000000000000007
0000000000000006
0000000000000005
0000000000000004
0000000000000003
0000000000000002
0000000011111111
0000000022222222
0000000033333333
0000000044444444
0000000055555555
0000000066666666
0000000077777777
0000000088888888
0000000011111111
0000000022222222
0000000033333333
0000000044444444
0000000055555555
0000000066666666
0000000077777777
0000000088888888
0000000011111111
0000000022222222
0000000033333333
0000000044444444
0000000055555555
0000000066666666
0000000077777777
0000000088888888
0000000018765432
0000000082187654
0000000071321876
0000000068243218
0000000057135432
0000000046824654
0000000035713576
0000000024682418
0000000018765432
0000000082187654
0000000071321876
0000000068243218
888888888888888888888888
888888888888888888888888
888888888888888888888888
888888888888888888888888
888888888888888888888888
888888888888888888888888
888888888888888888888880
888888888888888888888800
888888888888888888888000
888888888888888888880000
888888888888888888800000
888888888888888888000000
888888888888888880000000
8888888088888888
8888880088888888
8888800088888888
8888000088888888
8880000088888888
8800000088888888
8000000088888888
0000000088888880
0000000088888800
0000000088888000
0000000088880000
0000000088800000
0000000088000000
0000000080000000
seqlast
delay=900000
000000000000000000000000
